date_add,cold40v3.defects_data.cold40v3.references.name_sap,Client Name,Count of defects,Type Defect,taker
2023-05-04 11:26:05,TBIE016Y00,81.62510-2441 Seitenwand außen li (G$),1,Deformacja (deformation),1010123124091718
2023-05-04 08:56:33,T083690YP1,7CA 841 312 B,1,Deformacja (deformation),1010223124065431
2023-04-27 11:18:38,TBIE012Y00,81.62510-2431,1,Odciśnięte miejsce (marks),1010223117091150
2023-04-27 11:18:31,TBIE012Y00,81.62510-2431,1,Odciśnięte miejsce (marks),1010223117091142
2023-04-27 11:14:31,TBIE012Y00,81.62510-2431,1,Odciśnięte miejsce (marks),1010223117091115
2023-04-27 11:14:22,TBIE012Y00,81.62510-2431,1,Odciśnięte miejsce (marks),1010223117091049
2023-04-27 11:14:15,TBIE012Y00,81.62510-2431,1,Odciśnięte miejsce (marks),1010223117091039
2023-04-27 10:14:01,TBIE012Y00,81.62510-2431,1,Deformacja (deformation),1010223117081022
2023-04-27 09:46:03,TBIE012Y00,81.62510-2431,1,Deformacja (deformation),1010223117061104
2023-04-27 09:45:48,TBIE012Y00,81.62510-2431,1,Deformacja (deformation),1010223117061246
2023-04-27 09:45:37,TBIE012Y00,81.62510-2431,1,Deformacja (deformation),1010223117061254
2023-04-27 08:52:04,TBIE012Y00,81.62510-2431,1,Deformacja (deformation),1010223117061246
2023-04-27 08:51:53,TBIE012Y00,81.62510-2431,1,Deformacja (deformation),1010223117061104
2023-04-27 08:51:29,TBIE012Y00,81.62510-2431,1,Deformacja (deformation),1010223117061238
2023-04-25 07:28:22,T083655YP3,7C0 831 311 C,1,Rysa (scratch),1010123115052633
2023-04-25 07:28:11,T083655YP3,7C0 831 311 C,1,Rysa (scratch),1010123115052624
2023-04-25 07:27:58,T083655YP3,7C0 831 311 C,1,Rysa (scratch),1010123115052606
2023-04-25 07:27:47,T083655YP3,7C0 831 311 C,1,Rysa (scratch),1010123115052548
2023-04-25 07:27:39,T083655YP3,7C0 831 311 C,1,Rysa (scratch),1010123115052530
2023-04-25 07:20:54,T083655YP3,7C0 831 311 C,1,Odciśnięte miejsce (marks),1010123115051827
2023-04-25 07:20:45,T083655YP3,7C0 831 311 C,1,Odciśnięte miejsce (marks),1010123115051818
2023-04-25 07:20:35,T083655YP3,7C0 831 311 C,1,Odciśnięte miejsce (marks),1010123115051809
2023-04-25 07:18:19,T083655YP3,7C0 831 311 C,1,Pikos (marks/contamination),1010123115051630
2023-04-25 07:18:14,T083655YP3,7C0 831 311 C,1,Pikos (marks/contamination),1010123115051621
2023-04-25 07:18:10,T083655YP3,7C0 831 311 C,1,Pikos (marks/contamination),1010123115051612
2023-04-25 07:18:03,T083655YP3,7C0 831 311 C,1,Pikos (marks/contamination),1010123115051603
2023-04-25 07:17:57,T083655YP3,7C0 831 311 C,1,Pikos (marks/contamination),1010123115051554
2023-04-25 07:17:53,T083655YP3,7C0 831 311 C,1,Pikos (marks/contamination),1010123115051545
2023-04-25 07:17:47,T083655YP3,7C0 831 311 C,1,Pikos (marks/contamination),1010123115051536
2023-04-25 07:10:12,T083655YP3,7C0 831 311 C,1,Pikos (marks/contamination),1010123115050117
2023-04-25 07:03:52,T083655YP3,7C0 831 311 C,1,Pikos (marks/contamination),1010123115050108
2023-04-25 07:03:46,T083655YP3,7C0 831 311 C,1,Pikos (marks/contamination),1010123115050059
2023-04-25 07:03:40,T083655YP3,7C0 831 311 C,1,Pikos (marks/contamination),1010123115050059
2023-04-25 07:03:33,T083655YP3,7C0 831 311 C,1,Pikos (marks/contamination),1010123115050050
2023-04-25 07:03:26,T083655YP3,7C0 831 311 C,1,Pikos (marks/contamination),1010123115050041
2023-04-25 07:03:18,T083655YP3,7C0 831 311 C,1,Pikos (marks/contamination),1010123115050032
2023-04-25 07:03:11,T083655YP3,7C0 831 311 C,1,Pikos (marks/contamination),1010123115050023
2023-04-25 07:03:03,T083655YP3,7C0 831 311 C,1,Pikos (marks/contamination),1010123115050014
2023-04-25 07:02:56,T083655YP3,7C0 831 311 C,1,Pikos (marks/contamination),1010123115050005
2023-04-25 07:01:06,T083656YP3,7C0 831 312 C,1,Rysa (scratch),1010123115045853
2023-04-25 06:46:10,T083655YP3,7C0 831 311 C,1,Odciśnięte miejsce (marks),1010223115044355
2023-04-25 06:46:05,T083655YP3,7C0 831 311 C,1,Odciśnięte miejsce (marks),1010223115044347
2023-04-25 06:45:59,T083655YP3,7C0 831 311 C,1,Odciśnięte miejsce (marks),1010223115044330
2023-04-25 06:45:49,T083655YP3,7C0 831 311 C,1,Odciśnięte miejsce (marks),1010223115044330
2023-04-25 06:38:45,T083655YP3,7C0 831 311 C,1,Pikos (marks/contamination),1010223115043643
2023-04-25 06:38:40,T083655YP3,7C0 831 311 C,1,Pikos (marks/contamination),1010223115043634
2023-04-25 06:38:03,T083655YP3,7C0 831 311 C,1,Pikos (marks/contamination),1010223115043616
2023-04-25 06:37:58,T083655YP3,7C0 831 311 C,1,Pikos (marks/contamination),1010223115043607
2023-04-25 06:37:54,T083655YP3,7C0 831 311 C,1,Pikos (marks/contamination),1010223115043558
2023-04-25 06:37:49,T083655YP3,7C0 831 311 C,1,Pikos (marks/contamination),1010223115043549
2023-04-25 06:37:44,T083655YP3,7C0 831 311 C,1,Pikos (marks/contamination),1010223115043540
2023-04-25 06:37:28,T083655YP3,7C0 831 311 C,1,Pikos (marks/contamination),1010223115043522
2023-04-25 06:37:22,T083655YP3,7C0 831 311 C,1,Pikos (marks/contamination),1010223115043513
2023-04-25 06:37:16,T083655YP3,7C0 831 311 C,1,Pikos (marks/contamination),1010223115043504
2023-04-25 06:36:57,T083655YP3,7C0 831 311 C,1,Pikos (marks/contamination),1010223115043455
2023-04-25 06:36:51,T083655YP3,7C0 831 311 C,1,Pikos (marks/contamination),1010223115043446
2023-04-25 06:36:40,T083655YP3,7C0 831 311 C,1,Pikos (marks/contamination),1010223115043437
2023-04-25 06:36:33,T083655YP3,7C0 831 311 C,1,Pikos (marks/contamination),1010223115043427
2023-04-25 06:36:26,T083655YP3,7C0 831 311 C,1,Pikos (marks/contamination),1010223115043418
2023-04-25 06:36:21,T083655YP3,7C0 831 311 C,1,Pikos (marks/contamination),1010223115043410
2023-04-24 08:15:05,T083422Y00,7H0 809 411 A,1,Korozja (corrosion),1010223114061208
2023-04-24 08:14:57,T083423Y00,7H0 809 412 A,1,Deformacja (deformation),1010223114061248
2023-04-21 20:59:08,T083423Y00,7H0 809 412 A,1,Rysa (scratch),1010223111185414
2023-04-21 20:59:02,T083423Y00,7H0 809 412 A,1,Rysa (scratch),1010223111185406
2023-04-21 20:58:55,T083423Y00,7H0 809 412 A,1,Rysa (scratch),1010223111185357
2023-04-21 19:31:59,T083422Y00,7H0 809 411 A,1,Odciśnięte miejsce (marks),1010123111172054
2023-04-21 19:31:49,T083423Y00,7H0 809 412 A,1,Odciśnięte miejsce (marks),1010123111172054
2023-04-20 16:13:41,T083734YP4,"7C0810027T SEITENTEIL INNEN, HINTEN LI L",1,Odciśnięte miejsce (marks),1010223110140649
2023-04-20 16:13:34,T083734YP4,"7C0810027T SEITENTEIL INNEN, HINTEN LI L",1,Odciśnięte miejsce (marks),1010223110140547
2023-04-20 16:13:27,T083734YP4,"7C0810027T SEITENTEIL INNEN, HINTEN LI L",1,Odciśnięte miejsce (marks),1010223110140529
2023-04-20 16:13:18,T083734YP4,"7C0810027T SEITENTEIL INNEN, HINTEN LI L",1,Odciśnięte miejsce (marks),1010223110140502
2023-04-20 16:13:10,T083734YP4,"7C0810027T SEITENTEIL INNEN, HINTEN LI L",1,Odciśnięte miejsce (marks),1010223110140453
2023-04-20 16:12:59,T083734YP4,"7C0810027T SEITENTEIL INNEN, HINTEN LI L",1,Odciśnięte miejsce (marks),1010223110140435
2023-04-20 16:12:49,T083734YP4,"7C0810027T SEITENTEIL INNEN, HINTEN LI L",1,Odciśnięte miejsce (marks),1010223110140426
2023-04-20 16:12:43,T083734YP4,"7C0810027T SEITENTEIL INNEN, HINTEN LI L",1,Odciśnięte miejsce (marks),1010223110140417
2023-04-20 16:12:34,T083734YP4,"7C0810027T SEITENTEIL INNEN, HINTEN LI L",1,Odciśnięte miejsce (marks),1010223110140408
2023-04-20 14:50:33,T083734YP4,"7C0810027T SEITENTEIL INNEN, HINTEN LI L",1,Deformacja (deformation),1010223110124801
2023-04-20 07:29:34,T083773YP4,7C0.863.174.H,1,Odciśnięte miejsce (marks),1010223110052716
2023-04-20 07:29:21,T083773YP4,7C0.863.174.H,1,Błąd materiału (meterial failure),1010223110052622
2023-04-19 12:26:42,T083655YP3,7C0 831 311 C,1,Odciśnięte miejsce (marks),1010223109102221
2023-04-19 12:25:25,T083655YP3,7C0 831 311 C,1,Odciśnięte miejsce (marks),1010223109102203
2023-04-19 12:25:16,T083655YP3,7C0 831 311 C,1,Odciśnięte miejsce (marks),1010223109102145
2023-04-19 12:25:09,T083655YP3,7C0 831 311 C,1,Odciśnięte miejsce (marks),1010223109102115
2023-04-19 12:25:01,T083655YP3,7C0 831 311 C,1,Odciśnięte miejsce (marks),1010223109101932
2023-04-18 15:14:16,TBIE016Y00,81.62510-2441 Seitenwand außen li (G$),1,Pikos (marks/contamination),1010123108131149
2023-04-18 15:09:30,TBIE016Y00,81.62510-2441 Seitenwand außen li (G$),1,Pikos (marks/contamination),1010123108130716
2023-04-18 15:09:19,TBIE016Y00,81.62510-2441 Seitenwand außen li (G$),1,Pikos (marks/contamination),1010123108130716
2023-04-18 15:08:48,TBIE016Y00,81.62510-2441 Seitenwand außen li (G$),1,Pikos (marks/contamination),1010123108130614
2023-04-17 21:39:23,TBIE017Y00,223378 Seitenwand außen re (G$),1,Odciśnięte miejsce (marks),1010223107193340
2023-04-17 21:39:15,TBIE017Y00,223378 Seitenwand außen re (G$),1,Odciśnięte miejsce (marks),1010223107193330
2023-04-17 21:39:08,TBIE017Y00,223378 Seitenwand außen re (G$),1,Odciśnięte miejsce (marks),1010223107193311
2023-04-17 21:38:59,TBIE017Y00,223378 Seitenwand außen re (G$),1,Odciśnięte miejsce (marks),1010223107193302
2023-04-13 01:54:35,T083753YP0,2N0 803 093,1,Deformacja (deformation),1010123102235157
2023-04-13 01:39:33,T083753YP0,2N0 803 093,1,Deformacja (deformation),1010223102233559
2023-04-07 21:32:19,T083683YP1,7C0 827 124 C,1,Deformacja (deformation),1010223097193033
2023-04-07 09:37:38,TBIE013Y00,81.62510-2432,1,Pikos (marks/contamination),1010123097070526
2023-04-05 13:29:06,T083423Y00,7H0 809 412 A,1,Wgniot (dent),1010123095112633
2023-04-05 13:27:49,T083422Y00,7H0 809 411 A,1,Wgniot (dent),1010223095112548
2023-04-05 13:17:04,T083422Y00,7H0 809 411 A,1,Wgniot (dent),1010223095111502
2023-04-05 13:16:21,T083422Y00,7H0 809 411 A,1,Odciśnięte miejsce (marks),1010223095111158
2023-04-05 13:14:31,T083423Y00,7H0 809 412 A,1,Wgniot (dent),1010223095111149
2023-04-04 10:05:08,TBIE017Y00,223378 Seitenwand außen re (G$),1,Odciśnięte miejsce (marks),1010123094080054
2023-03-21 22:18:16,T083774YP4,7C0.863.174.J,1,Odciśnięte miejsce (marks),1010123080211148
2023-03-21 22:18:09,T083774YP4,7C0.863.174.J,1,Pofalowanie (waves),1010123080211141
2023-03-21 01:42:23,T083656YP3,7C0 831 312 C,1,Deformacja (deformation),1010223080003822
2023-03-21 01:42:14,T083656YP3,7C0 831 312 C,1,Deformacja (deformation),1010223080003804
2023-03-20 18:46:21,T083655YP3,7C0 831 311 C,1,Odciśnięte miejsce (marks),1010123079174442
2023-03-20 18:46:14,T083655YP3,7C0 831 311 C,1,Odciśnięte miejsce (marks),1010123079174433
2023-03-20 18:44:44,T083655YP3,7C0 831 311 C,1,Odciśnięte miejsce (marks),1010123079174218
2023-03-20 18:44:35,T083655YP3,7C0 831 311 C,1,Odciśnięte miejsce (marks),1010123079174209
2023-03-20 18:44:18,T083655YP3,7C0 831 311 C,1,Odciśnięte miejsce (marks),1010123079174151
2023-03-20 18:43:59,T083655YP3,7C0 831 311 C,1,Odciśnięte miejsce (marks),1010123079174124
2023-03-20 18:43:49,T083655YP3,7C0 831 311 C,1,Korozja (corrosion),1010123079173843
2023-03-20 18:43:39,T083655YP3,7C0 831 311 C,1,Odciśnięte miejsce (marks),1010123079173816
2023-03-20 18:43:24,T083655YP3,7C0 831 311 C,1,Odciśnięte miejsce (marks),1010123079173758
2023-03-16 08:17:20,TBIE013Y00,81.62510-2432,1,Wgniot (dent),1010223075071331
2023-03-16 03:37:08,TBIE008Y00,81.62510-2449,1,Deformacja (deformation),1010123075023024
2023-03-15 20:56:29,TBIE016Y00,81.62510-2441 Seitenwand außen li (G$),1,Odciśnięte miejsce (marks),1010223074195027
2023-03-15 20:56:22,TBIE016Y00,81.62510-2441 Seitenwand außen li (G$),1,Odciśnięte miejsce (marks),1010223074195019
2023-03-15 20:56:15,TBIE016Y00,81.62510-2441 Seitenwand außen li (G$),1,Odciśnięte miejsce (marks),1010223074195010
2023-03-15 20:47:42,TBIE016Y00,81.62510-2441 Seitenwand außen li (G$),1,Odciśnięte miejsce (marks),1010223074194604
2023-03-15 20:47:34,TBIE016Y00,81.62510-2441 Seitenwand außen li (G$),1,Odciśnięte miejsce (marks),1010223074194528
2023-03-15 20:47:25,TBIE016Y00,81.62510-2441 Seitenwand außen li (G$),1,Odciśnięte miejsce (marks),1010223074194502
2023-03-15 12:45:02,T083A03YB0,2K7.809.606,1,Deformacja (deformation),1010123074113424
2023-03-15 12:44:51,T083A03YB0,2K7.809.606,1,Deformacja (deformation),1010123074113413
2023-03-15 12:16:27,T083A03YB0,2K7.809.606,1,Deformacja (deformation),1010123074111305
2023-03-15 12:00:37,T083A03YB0,2K7.809.606,1,Deformacja (deformation),1010123074105426
2023-03-15 01:10:32,TBIE010Y00,81.62510-2447,1,Odciśnięte miejsce (marks),1010123074000753
2023-03-14 21:02:50,TBIE016Y00,81.62510-2441 Seitenwand außen li (G$),1,Pikos (marks/contamination),1010123073175351
2023-03-14 21:02:41,TBIE016Y00,81.62510-2441 Seitenwand außen li (G$),1,Pikos (marks/contamination),1010123073175359
2023-03-13 08:59:31,T083656YP3,7C0 831 312 C,1,Błąd materiału (meterial failure),1010123072075657
2023-03-09 11:26:22,T083B01YB0,2K4 809 605,1,Deformacja (deformation),1010123068102249
2023-03-09 11:20:40,T083B01YB0,2K4 809 605,1,Deformacja (deformation),1010123068101805
2023-03-09 10:56:47,T083B01YB0,2K4 809 605,1,Pikos (marks/contamination),1010123068095406
2023-03-09 09:00:24,T083B01YB0,2K4 809 605,1,Odciśnięte miejsce (marks),1010123068075457
2023-03-09 08:57:26,T083B01YB0,2K4 809 605,1,Pikos (marks/contamination),1010123068075248
2023-03-09 08:57:16,T083B01YB0,2K4 809 605,1,Błąd materiału (meterial failure),1010123068075308
2023-03-09 08:55:03,T083B01YB0,2K4 809 605,1,Pikos (marks/contamination),1010123068075200
2023-03-09 08:51:36,T083B01YB0,2K4 809 605,1,Pikos (marks/contamination),1010223068074852
2023-03-09 08:36:59,T083B01YB0,2K4 809 605,1,Deformacja (deformation),1012823068073134
2023-03-09 08:30:41,T083B01YB0,2K4 809 605,1,Deformacja (deformation),1012823068072827
2023-03-09 06:22:32,T083773YP4,7C0.863.174.H,1,Pofalowanie (waves),1010123068052012
2023-03-09 06:17:52,T083773YP4,7C0.863.174.H,1,Pofalowanie (waves),1010123068051622
2023-03-09 06:16:38,T083773YP4,7C0.863.174.H,1,Pofalowanie (waves),1010123068051428
2023-03-09 06:16:26,T083773YP4,7C0.863.174.H,1,Pofalowanie (waves),1010123068050948
2023-03-09 06:15:54,T083773YP4,7C0.863.174.H,1,Pofalowanie (waves),1010123068050923
2023-03-09 06:15:42,T083773YP4,7C0.863.174.H,1,Pofalowanie (waves),1010123068050906
2023-03-09 06:14:27,T083773YP4,7C0.863.174.H,1,Pofalowanie (waves),1010123068050622
2023-03-09 06:14:02,T083773YP4,7C0.863.174.H,1,Pofalowanie (waves),1010123068050622
2023-03-09 06:12:41,T083773YP4,7C0.863.174.H,1,Pofalowanie (waves),1010123068050556
2023-03-09 06:11:00,T083773YP4,7C0.863.174.H,1,Pofalowanie (waves),1010123068050604
2023-03-09 06:10:51,T083773YP4,7C0.863.174.H,1,Pofalowanie (waves),1010123068050547
2023-03-08 18:58:28,T083769YP4,7C0.863.173.H,1,Deformacja (deformation),1010223067175234
2023-03-08 00:05:42,T083423Y00,7H0 809 412 A,1,Przeciągnięcie (thinning),1010223066225931
2023-03-08 00:05:33,T083423Y00,7H0 809 412 A,1,Przeciągnięcie (thinning),1010223066225924
2023-03-08 00:05:25,T083423Y00,7H0 809 412 A,1,Pęknięcie (cracks),1010223066225917
2023-03-08 00:05:17,T083423Y00,7H0 809 412 A,1,Pęknięcie (cracks),1010223066225909
2023-03-08 00:05:09,T083423Y00,7H0 809 412 A,1,Przeciągnięcie (thinning),1010223066225902
2023-03-08 00:05:00,T083423Y00,7H0 809 412 A,1,Przeciągnięcie (thinning),1010223066225855
2023-03-08 00:04:48,T083423Y00,7H0 809 412 A,1,Pęknięcie (cracks),1010223066225848
2023-03-08 00:04:42,T083423Y00,7H0 809 412 A,1,Pęknięcie (cracks),1010223066225841
2023-03-08 00:04:34,T083423Y00,7H0 809 412 A,1,Pęknięcie (cracks),1010223066225834
2023-03-08 00:04:25,T083423Y00,7H0 809 412 A,1,Pęknięcie (cracks),1010223066225827
2023-03-06 19:42:38,TBIE017Y00,223378 Seitenwand außen re (G$),1,Błąd materiału (meterial failure),1010123065183944
2023-03-04 00:49:56,TBIE016Y00,81.62510-2441 Seitenwand außen li (G$),1,Przeciągnięcie (thinning),1010223062234525
2023-03-04 00:48:15,TBIE016Y00,81.62510-2441 Seitenwand außen li (G$),1,Przeciągnięcie (thinning),1010223062233507
2023-03-04 00:48:07,TBIE016Y00,81.62510-2441 Seitenwand außen li (G$),1,Przeciągnięcie (thinning),1010223062233354
2023-03-04 00:36:42,TBIE016Y00,81.62510-2441 Seitenwand außen li (G$),1,Przeciągnięcie (thinning),1010223062232733
2023-03-04 00:36:35,TBIE016Y00,81.62510-2441 Seitenwand außen li (G$),1,Przeciągnięcie (thinning),1010223062232714
2023-03-04 00:36:29,TBIE016Y00,81.62510-2441 Seitenwand außen li (G$),1,Przeciągnięcie (thinning),1010223062232706
2023-03-04 00:35:43,TBIE016Y00,81.62510-2441 Seitenwand außen li (G$),1,Wgniot (dent),1010223062232501
2023-03-04 00:35:37,TBIE016Y00,81.62510-2441 Seitenwand außen li (G$),1,Wgniot (dent),1010223062232453
2023-03-04 00:35:29,TBIE016Y00,81.62510-2441 Seitenwand außen li (G$),1,Odciśnięte miejsce (marks),1010223062232445
2023-03-04 00:35:16,TBIE016Y00,81.62510-2441 Seitenwand außen li (G$),1,Odciśnięte miejsce (marks),1010223062230107
2023-03-04 00:35:09,TBIE016Y00,81.62510-2441 Seitenwand außen li (G$),1,Odciśnięte miejsce (marks),1010223062225408
2023-03-03 13:00:09,T083419Y00,7H0 805 170 B,1,Deformacja (deformation),1010123062115755
2023-03-03 13:00:00,T083419Y00,7H0 805 170 B,1,Deformacja (deformation),1010123062115746
2023-03-03 12:59:52,T083419Y00,7H0 805 170 B,1,Deformacja (deformation),1010123062115737
2023-03-03 12:59:47,T083419Y00,7H0 805 170 B,1,Deformacja (deformation),1010123062115728
2023-03-03 12:59:29,T083419Y00,7H0 805 170 B,1,Deformacja (deformation),1010123062115719
2023-03-03 12:57:57,T083419Y00,7H0 805 170 B,1,Błąd materiału (meterial failure),1010123062115533
2023-03-03 12:57:50,T083419Y00,7H0 805 170 B,1,Błąd materiału (meterial failure),1010123062115524
2023-02-28 01:49:47,T083423Y00,7H0 809 412 A,1,Przeciągnięcie (thinning),1010123059004600
2023-02-28 01:49:40,T083423Y00,7H0 809 412 A,1,Przeciągnięcie (thinning),1010123059004552
2023-02-28 01:49:34,T083423Y00,7H0 809 412 A,1,Przeciągnięcie (thinning),1010123059004543
2023-02-28 01:49:27,T083423Y00,7H0 809 412 A,1,Przeciągnięcie (thinning),1010123059004535
2023-02-28 01:49:21,T083423Y00,7H0 809 412 A,1,Przeciągnięcie (thinning),1010123059004527
2023-02-28 01:49:12,T083423Y00,7H0 809 412 A,1,Przeciągnięcie (thinning),1010123059004519
2023-02-27 23:14:52,T083755YP0,2N3 803 093,1,Odciśnięte miejsce (marks),1010123058221220
2023-02-17 12:52:55,T083655YP3,7C0 831 311 C,1,Odciśnięte miejsce (marks),1010223048113401
2023-02-17 11:01:29,T083B01YB0,2K4 809 605,1,Pikos (marks/contamination),1010123048095932
2023-02-17 11:01:21,T083B01YB0,2K4 809 605,1,Pikos (marks/contamination),1010123048095922
2023-02-17 11:01:14,T083B01YB0,2K4 809 605,1,Pikos (marks/contamination),1010123048095913
2023-02-17 11:01:09,T083B01YB0,2K4 809 605,1,Pikos (marks/contamination),1010123048095458
2023-02-17 11:00:08,T083B01YB0,2K4 809 605,1,Pikos (marks/contamination),1010123048095041
2023-02-17 10:59:51,T083B01YB0,2K4 809 605,1,Pikos (marks/contamination),1010123048095008
2023-02-17 07:19:43,T083B01YB0,2K4 809 605,1,Deformacja (deformation),1010123048061215
2023-02-17 07:19:29,T083B01YB0,2K4 809 605,1,Deformacja (deformation),1010123048061330
2023-02-17 00:08:31,T083424Y00,7H0 803 719,1,Błąd materiału (meterial failure),1010223047230652
2023-02-16 22:29:32,T083424Y00,7H0 803 719,1,Błąd materiału (meterial failure),1010123047212806
2023-02-16 14:29:40,T083424Y00,7H0 803 719,1,Odciśnięte miejsce (marks),1010123047132801
2023-02-16 13:00:27,T083A03YB0,2K7.809.606,1,Pikos (marks/contamination),1010223047114448
2023-02-16 10:41:34,T083A03YB0,2K7.809.606,1,Pikos (marks/contamination),1010123047093312
2023-02-16 10:41:27,T083A03YB0,2K7.809.606,1,Pikos (marks/contamination),1010123047093302
2023-02-16 10:29:16,T083A03YB0,2K7.809.606,1,Deformacja (deformation),1010123047091712
2023-02-16 10:20:44,T083A03YB0,2K7.809.606,1,Pikos (marks/contamination),1010123047091011
2023-02-16 10:20:37,T083A03YB0,2K7.809.606,1,Pikos (marks/contamination),1010123047091001
2023-02-16 10:20:11,T083A03YB0,2K7.809.606,1,Pikos (marks/contamination),1010123047090842
2023-02-16 10:19:35,T083A03YB0,2K7.809.606,1,Pikos (marks/contamination),1010123047090856
2023-02-16 10:19:18,T083A03YB0,2K7.809.606,1,Pikos (marks/contamination),1010123047090951
2023-02-16 10:19:10,T083A03YB0,2K7.809.606,1,Pikos (marks/contamination),1010123047090940
2023-02-16 10:19:02,T083A03YB0,2K7.809.606,1,Pikos (marks/contamination),1010123047090926
2023-02-16 10:18:53,T083A03YB0,2K7.809.606,1,Pikos (marks/contamination),1010123047090917
2023-02-16 10:18:44,T083A03YB0,2K7.809.606,1,Pikos (marks/contamination),1010123047090907
2023-02-16 10:16:20,T083A03YB0,2K7.809.606,1,Pikos (marks/contamination),1010123047084415
2023-02-16 10:16:14,T083A03YB0,2K7.809.606,1,Pikos (marks/contamination),1010123047084353
2023-02-16 10:16:08,T083A03YB0,2K7.809.606,1,Pikos (marks/contamination),1010123047083729
2023-02-16 10:15:59,T083A03YB0,2K7.809.606,1,Pikos (marks/contamination),1010123047083703
2023-02-16 10:15:53,T083A03YB0,2K7.809.606,1,Pikos (marks/contamination),1010123047083653
2023-02-16 10:13:41,T083A03YB0,2K7.809.606,1,Pikos (marks/contamination),1010123047083653
2023-02-14 08:14:10,T083423Y00,7H0 809 412 A,1,Deformacja (deformation),1010123045071156
2023-02-14 08:14:04,T083423Y00,7H0 809 412 A,1,Deformacja (deformation),1010123045071147
2023-02-14 08:13:56,T083423Y00,7H0 809 412 A,1,Deformacja (deformation),1010123045071139
2023-02-14 08:13:49,T083423Y00,7H0 809 412 A,1,Deformacja (deformation),1010123045071122
2023-02-14 08:13:42,T083423Y00,7H0 809 412 A,1,Deformacja (deformation),1010123045071105
2023-02-10 03:36:59,T083773YP4,7C0.863.174.H,1,Pęknięcie (cracks),1010123041023452
2023-02-10 03:36:45,T083773YP4,7C0.863.174.H,1,Pęknięcie (cracks),1010123040233503
2023-02-10 02:13:37,T083773YP4,7C0.863.174.H,1,Pofalowanie (waves),1010223041010947
2023-02-10 02:03:40,T083773YP4,7C0.863.174.H,1,Przeciągnięcie (thinning),1010123041005922
2023-02-10 02:01:43,T083773YP4,7C0.863.174.H,1,Przeciągnięcie (thinning),1010123041005840
2023-02-10 02:01:20,T083773YP4,7C0.863.174.H,1,Przeciągnięcie (thinning),1010123041005814
2023-02-10 02:01:13,T083773YP4,7C0.863.174.H,1,Przeciągnięcie (thinning),1010123041005806
2023-02-10 00:37:45,T083773YP4,7C0.863.174.H,1,Pofalowanie (waves),1010123040232832
2023-02-10 00:37:37,T083773YP4,7C0.863.174.H,1,Pofalowanie (waves),1010123040232825
2023-02-10 00:37:31,T083773YP4,7C0.863.174.H,1,Pofalowanie (waves),1010123040232818
2023-02-10 00:34:18,T083773YP4,7C0.863.174.H,1,Pofalowanie (waves),1010223040232710
2023-02-10 00:31:34,T083773YP4,7C0.863.174.H,1,Pofalowanie (waves),1010223040232529
2023-02-10 00:31:25,T083773YP4,7C0.863.174.H,1,Pofalowanie (waves),1010223040232520
2023-02-09 23:18:11,T083773YP4,7C0.863.174.H,1,Odciśnięte miejsce (marks),1010223040221251
2023-02-09 23:17:59,T083773YP4,7C0.863.174.H,1,Odciśnięte miejsce (marks),1010223040220722
2023-02-09 23:17:47,T083773YP4,7C0.863.174.H,1,Odciśnięte miejsce (marks),1010223040220713
2023-02-09 23:15:45,T083773YP4,7C0.863.174.H,1,Odciśnięte miejsce (marks),1010223040220705
2023-02-09 23:15:36,T083773YP4,7C0.863.174.H,1,Odciśnięte miejsce (marks),1010223040220656
2023-02-09 18:51:36,T083655YP3,7C0 831 311 C,1,Pikos (marks/contamination),1010223040174912
2023-02-09 18:51:28,T083655YP3,7C0 831 311 C,1,Pikos (marks/contamination),1010223040174855
2023-02-09 18:51:21,T083655YP3,7C0 831 311 C,1,Pikos (marks/contamination),1010223040174846
2023-02-09 18:51:14,T083655YP3,7C0 831 311 C,1,Pikos (marks/contamination),1010223040174837
2023-02-09 18:51:07,T083655YP3,7C0 831 311 C,1,Pikos (marks/contamination),1010223040174828
2023-02-09 18:50:59,T083655YP3,7C0 831 311 C,1,Pikos (marks/contamination),1010223040174743
2023-02-09 18:50:52,T083655YP3,7C0 831 311 C,1,Pikos (marks/contamination),1010223040174752
2023-02-09 18:50:43,T083655YP3,7C0 831 311 C,1,Pikos (marks/contamination),1010223040174810
2023-02-09 18:50:20,T083655YP3,7C0 831 311 C,1,Pikos (marks/contamination),1010223040174828
2023-02-09 18:50:07,T083655YP3,7C0 831 311 C,1,Pikos (marks/contamination),1010223040174818
2023-02-09 18:49:59,T083655YP3,7C0 831 311 C,1,Pikos (marks/contamination),1010223040174752
2023-02-09 18:49:12,T083655YP3,7C0 831 311 C,1,Pikos (marks/contamination),1010223040174734
2023-02-09 18:49:04,T083655YP3,7C0 831 311 C,1,Pikos (marks/contamination),1010223040174725
2023-02-09 18:48:57,T083655YP3,7C0 831 311 C,1,Pikos (marks/contamination),1010223040174715
2023-02-09 18:48:23,T083655YP3,7C0 831 311 C,1,Pikos (marks/contamination),1010223040174648
2023-02-09 18:48:15,T083655YP3,7C0 831 311 C,1,Pikos (marks/contamination),1010223040174630
2023-02-09 18:48:07,T083655YP3,7C0 831 311 C,1,Pikos (marks/contamination),1010223040174612
2023-02-09 18:47:59,T083655YP3,7C0 831 311 C,1,Pikos (marks/contamination),1010223040174536
2023-02-09 18:47:52,T083655YP3,7C0 831 311 C,1,Pikos (marks/contamination),1010223040174509
2023-02-09 12:02:12,T083655YP3,7C0 831 311 C,1,Deformacja (deformation),1010223040105950
2023-02-09 11:36:40,T083656YP3,7C0 831 312 C,1,Deformacja (deformation),1010223040103501
2023-02-09 10:35:40,T083655YP3,7C0 831 311 C,1,Deformacja (deformation),1010123040090250
2023-02-09 10:35:40,T083656YP3,7C0 831 312 C,1,Deformacja (deformation),1010123040090250
2023-02-09 03:33:49,TBIE011Y00,81.62510-2448,1,Odciśnięte miejsce (marks),1010123040021719
2023-02-08 20:44:02,TBIE013Y00,81.62510-2432,1,Pofalowanie (waves),1010223039193213
2023-02-08 20:43:54,TBIE013Y00,81.62510-2432,1,Pofalowanie (waves),1010223039193206
2023-02-08 20:43:47,TBIE013Y00,81.62510-2432,1,Pofalowanie (waves),1010223039193147
2023-02-08 20:12:39,TBIE013Y00,81.62510-2432,1,Deformacja (deformation),1010223039190627
2023-02-08 20:09:21,TBIE013Y00,81.62510-2432,1,Pikos (marks/contamination),1010223039190618
2023-02-08 20:09:14,TBIE013Y00,81.62510-2432,1,Pikos (marks/contamination),1010223039190609
2023-02-02 13:56:56,T083773YP4,7C0.863.174.H,1,Błąd materiału (meterial failure),1010123033125522
2023-02-02 13:23:27,T083773YP4,7C0.863.174.H,1,Pofalowanie (waves),1010223033121614
2023-02-02 13:20:44,T083773YP4,7C0.863.174.H,1,Pofalowanie (waves),1010223033121541
2023-02-02 13:20:31,T083773YP4,7C0.863.174.H,1,Pofalowanie (waves),1010223033121534
2023-02-02 13:20:19,T083773YP4,7C0.863.174.H,1,Pofalowanie (waves),1010223033121429
2023-02-02 13:03:38,T083773YP4,7C0.863.174.H,1,Pofalowanie (waves),1010223033115503
2023-02-02 13:03:29,T083773YP4,7C0.863.174.H,1,Pofalowanie (waves),1010223033115456
2023-02-02 13:03:22,T083773YP4,7C0.863.174.H,1,Pofalowanie (waves),1010223033115449
2023-02-02 11:36:32,T083773YP4,7C0.863.174.H,1,Odciśnięte miejsce (marks),1010223033103412
2023-02-02 10:16:04,T083770YP4,7C0 863 173.J,1,Deformacja (deformation),1010123033091340
2023-02-02 10:08:58,T083770YP4,7C0 863 173.J,1,Deformacja (deformation),1010123033090409
2023-02-02 10:08:46,T083770YP4,7C0 863 173.J,1,Pofalowanie (waves),1010123033090402
2023-02-02 10:08:39,T083770YP4,7C0 863 173.J,1,Pofalowanie (waves),1010123033090307
2023-02-02 10:08:31,T083770YP4,7C0 863 173.J,1,Pofalowanie (waves),1010123033090252
2023-02-02 07:57:50,T083424Y00,7H0 803 719,1,Odciśnięte miejsce (marks),1010223033065615
2023-02-02 06:14:11,T083424Y00,7H0 803 719,1,Odciśnięte miejsce (marks),1010123033051233
2023-02-02 06:13:17,T083425Y00,7H0 803 720,1,Odciśnięte miejsce (marks),1010123033051130
2023-02-01 13:20:59,T083423Y00,7H0 809 412 A,1,Przeciągnięcie (thinning),1010123032121703
2023-02-01 12:35:04,T083423Y00,7H0 809 412 A,1,Przeciągnięcie (thinning),1010123032113305
2023-02-01 02:40:02,T083655YP3,7C0 831 311 C,1,Pikos (marks/contamination),1010123032013823
2023-02-01 02:39:50,T083655YP3,7C0 831 311 C,1,Pikos (marks/contamination),1010123032013814
2023-02-01 02:39:27,T083655YP3,7C0 831 311 C,1,Pikos (marks/contamination),1010123032013729
2023-02-01 02:39:18,T083655YP3,7C0 831 311 C,1,Pikos (marks/contamination),1010123032013720
2023-02-01 02:39:09,T083655YP3,7C0 831 311 C,1,Pikos (marks/contamination),1010123032013720
2023-02-01 02:38:57,T083655YP3,7C0 831 311 C,1,Pikos (marks/contamination),1010123032013711
2023-02-01 02:38:48,T083655YP3,7C0 831 311 C,1,Pikos (marks/contamination),1010123032013702
2023-02-01 02:38:36,T083655YP3,7C0 831 311 C,1,Pikos (marks/contamination),1010123032013652
2023-01-31 19:21:09,TBIE013Y00,81.62510-2432,1,Wgniot (dent),1010123031181730
2023-01-30 19:26:55,TBIE012Y00,81.62510-2431,1,Odciśnięte miejsce (marks),1010123030182428
2023-01-30 17:05:41,T083B01YB0,2K4 809 605,1,Pikos (marks/contamination),1010123030155925
2023-01-30 17:05:33,T083B01YB0,2K4 809 605,1,Pikos (marks/contamination),1010123030155915
2023-01-30 17:05:25,T083B01YB0,2K4 809 605,1,Pikos (marks/contamination),1010123030155915
2023-01-30 17:05:19,T083B01YB0,2K4 809 605,1,Pikos (marks/contamination),1010123030155904
2023-01-30 17:05:12,T083B01YB0,2K4 809 605,1,Pikos (marks/contamination),1010123030155853
2023-01-30 17:05:04,T083B01YB0,2K4 809 605,1,Pikos (marks/contamination),1010123030155853
2023-01-30 17:04:55,T083B01YB0,2K4 809 605,1,Pikos (marks/contamination),1010123030155853
2023-01-30 17:04:46,T083B01YB0,2K4 809 605,1,Pikos (marks/contamination),1010123030155843
2023-01-30 17:04:37,T083B01YB0,2K4 809 605,1,Pikos (marks/contamination),1010123030155832
2023-01-30 17:04:25,T083B01YB0,2K4 809 605,1,Pikos (marks/contamination),1010123030155821
2023-01-30 17:04:16,T083B01YB0,2K4 809 605,1,Pikos (marks/contamination),1010123030155810
2023-01-30 17:04:05,T083B01YB0,2K4 809 605,1,Pikos (marks/contamination),1010123030155800
2023-01-30 16:47:33,T083B01YB0,2K4 809 605,1,Pikos (marks/contamination),1010123030154139
2023-01-30 16:46:03,T083B01YB0,2K4 809 605,1,Pikos (marks/contamination),1010123030154056
2023-01-30 16:43:05,T083B01YB0,2K4 809 605,1,Pikos (marks/contamination),1010123030153823
2023-01-30 16:42:56,T083B01YB0,2K4 809 605,1,Pikos (marks/contamination),1010123030153921
2023-01-30 16:39:29,T083B01YB0,2K4 809 605,1,Odciśnięte miejsce (marks),1010123030153630
2023-01-30 16:24:59,T083B01YB0,2K4 809 605,1,Deformacja (deformation),1010123030152135
2023-01-30 16:03:55,T083B01YB0,2K4 809 605,1,Deformacja (deformation),1010223030145911
2023-01-30 16:01:27,T083B01YB0,2K4 809 605,1,Deformacja (deformation),1010223030145705
2023-01-30 15:57:59,T083B01YB0,2K4 809 605,1,Odciśnięte miejsce (marks),1010223030145447
2023-01-30 15:56:27,T083B01YB0,2K4 809 605,1,Odciśnięte miejsce (marks),1010223030145328
2023-01-30 15:27:48,T083B01YB0,2K4 809 605,1,Odciśnięte miejsce (marks),1010223030142111
2023-01-30 15:27:26,T083B01YB0,2K4 809 605,1,Odciśnięte miejsce (marks),1010223030142102
2023-01-30 15:27:19,T083B01YB0,2K4 809 605,1,Odciśnięte miejsce (marks),1010223030142042
2023-01-30 15:26:57,T083B01YB0,2K4 809 605,1,Pikos (marks/contamination),1010123030141938
2023-01-30 15:26:32,T083B01YB0,2K4 809 605,1,Pikos (marks/contamination),1010123030141928
2023-01-30 15:26:21,T083B01YB0,2K4 809 605,1,Pikos (marks/contamination),1010123030141917
2023-01-30 15:21:10,T083B01YB0,2K4 809 605,1,Pikos (marks/contamination),1010123030141720
2023-01-30 15:02:15,T083B01YB0,2K4 809 605,1,Rysa (scratch),1010123030135237
2023-01-30 15:00:56,T083B01YB0,2K4 809 605,1,Pikos (marks/contamination),1010123030135204
2023-01-30 15:00:37,T083B01YB0,2K4 809 605,1,Pikos (marks/contamination),1010123030135152
2023-01-30 15:00:25,T083B01YB0,2K4 809 605,1,Pikos (marks/contamination),1010123030135130
2023-01-30 14:21:02,T083B01YB0,2K4 809 605,1,Deformacja (deformation),1010123030080057
2023-01-30 14:16:53,T083B01YB0,2K4 809 605,1,Deformacja (deformation),1010123030080047
2023-01-27 11:39:01,TBIE017Y00,223378 Seitenwand außen re (G$),1,Pikos (marks/contamination),1010223027103703
2023-01-27 11:35:08,TBIE017Y00,223378 Seitenwand außen re (G$),1,Pikos (marks/contamination),1010223027103041
2023-01-27 11:34:57,TBIE017Y00,223378 Seitenwand außen re (G$),1,Pikos (marks/contamination),1010223027103032
2023-01-27 11:34:48,TBIE017Y00,223378 Seitenwand außen re (G$),1,Pikos (marks/contamination),1010223027103023
2023-01-27 11:34:37,TBIE017Y00,223378 Seitenwand außen re (G$),1,Pikos (marks/contamination),1010223027103014
2023-01-27 11:34:03,TBIE017Y00,223378 Seitenwand außen re (G$),1,Pikos (marks/contamination),1010223027102946
2023-01-27 11:33:20,TBIE017Y00,223378 Seitenwand außen re (G$),1,Pikos (marks/contamination),1010223027102917
2023-01-27 11:33:12,TBIE017Y00,223378 Seitenwand außen re (G$),1,Pikos (marks/contamination),1010223027101553
2023-01-27 11:32:54,TBIE017Y00,223378 Seitenwand außen re (G$),1,Pikos (marks/contamination),1010223027101544
2023-01-27 10:40:02,TBIE017Y00,223378 Seitenwand außen re (G$),1,Pikos (marks/contamination),1010123027093534
2023-01-27 10:39:37,TBIE017Y00,223378 Seitenwand außen re (G$),1,Pikos (marks/contamination),1010123027093735
2023-01-26 07:44:29,TBIE010Y00,81.62510-2447,1,Deformacja (deformation),1010223026063849
2023-01-26 07:44:29,TBIE011Y00,81.62510-2448,1,Deformacja (deformation),1010223026063849
2023-01-25 19:17:23,T083418Y00,7H0 805 169 B,1,Deformacja (deformation),1010223025181426
2023-01-25 19:17:13,T083418Y00,7H0 805 169 B,1,Deformacja (deformation),1010223025181417
2023-01-25 19:17:06,T083418Y00,7H0 805 169 B,1,Deformacja (deformation),1010223025181409
2023-01-25 19:14:29,T083419Y00,7H0 805 170 B,1,Deformacja (deformation),1010223025181203
2023-01-25 19:11:35,T083419Y00,7H0 805 170 B,1,Deformacja (deformation),1010223025180852
2023-01-25 19:11:28,T083419Y00,7H0 805 170 B,1,Deformacja (deformation),1010223025180843
2023-01-25 19:11:11,T083419Y00,7H0 805 170 B,1,Deformacja (deformation),1010223025180816
2023-01-25 19:11:03,T083419Y00,7H0 805 170 B,1,Deformacja (deformation),1010223025180816
2023-01-25 05:23:17,T083656YP3,7C0 831 312 C,1,Deformacja (deformation),1010123025042139
2023-01-24 17:33:03,TBIE013Y00,81.62510-2432,1,Rysa (scratch),1010123024162948
2023-01-24 17:32:46,TBIE013Y00,81.62510-2432,1,Rysa (scratch),1010123024162939
2023-01-24 17:32:37,TBIE013Y00,81.62510-2432,1,Rysa (scratch),1010123024162930
2023-01-24 14:39:00,T083423Y00,7H0 809 412 A,1,Wgniot (dent),1010123024133719
2023-01-24 08:55:15,T083422Y00,7H0 809 411 A,1,Błąd materiału (meterial failure),1010223024075234
2023-01-24 08:17:15,T083422Y00,7H0 809 411 A,1,Deformacja (deformation),1010123024071253
2023-01-20 21:39:05,TBIE017Y00,223378 Seitenwand außen re (G$),1,Pikos (marks/contamination),1010223020202034
2023-01-20 21:18:30,TBIE017Y00,223378 Seitenwand außen re (G$),1,Pikos (marks/contamination),1010223020201519
2023-01-20 21:18:23,TBIE017Y00,223378 Seitenwand außen re (G$),1,Pikos (marks/contamination),1010223020201510
2023-01-20 21:18:17,TBIE017Y00,223378 Seitenwand außen re (G$),1,Pikos (marks/contamination),1010223020201452
2023-01-20 21:18:10,TBIE017Y00,223378 Seitenwand außen re (G$),1,Pikos (marks/contamination),1010223020201442
2023-01-20 17:06:16,TBIE016Y00,81.62510-2441 Seitenwand außen li (G$),1,Deformacja (deformation),1010223020160325
2023-01-20 17:05:44,TBIE016Y00,81.62510-2441 Seitenwand außen li (G$),1,Deformacja (deformation),1010223020155429
2023-01-20 13:35:09,T083A03YB0,2K7.809.606,1,Odciśnięte miejsce (marks),1010123020122719
2023-01-20 13:34:57,T083A03YB0,2K7.809.606,1,Odciśnięte miejsce (marks),1010123020122659
2023-01-20 13:34:06,T083A03YB0,2K7.809.606,1,Odciśnięte miejsce (marks),1010123020122601
2023-01-20 10:53:01,T083769YP4,7C0.863.173.H,1,Deformacja (deformation),1010123020094854
2023-01-20 10:52:54,T083769YP4,7C0.863.173.H,1,Deformacja (deformation),1010123020094847
2023-01-20 10:52:38,T083769YP4,7C0.863.173.H,1,Deformacja (deformation),1010123020094833
2023-01-20 10:52:26,T083769YP4,7C0.863.173.H,1,Deformacja (deformation),1010123020094839
2023-01-20 10:52:15,T083769YP4,7C0.863.173.H,1,Deformacja (deformation),1010123020094810
2023-01-20 10:52:05,T083769YP4,7C0.863.173.H,1,Deformacja (deformation),1010123020094803
2023-01-20 10:51:57,T083769YP4,7C0.863.173.H,1,Deformacja (deformation),1010123020094756
2023-01-20 10:47:31,T083769YP4,7C0.863.173.H,1,Błąd materiału (meterial failure),1010223020094514
2023-01-20 10:38:01,T083769YP4,7C0.863.173.H,1,Deformacja (deformation),1010123020093615
2023-01-20 08:10:39,T083773YP4,7C0.863.174.H,1,Deformacja (deformation),1010223020070815
2023-01-20 06:06:06,T083773YP4,7C0.863.174.H,1,Deformacja (deformation),1010123020045713
2023-01-20 06:05:24,T083773YP4,7C0.863.174.H,1,Deformacja (deformation),1010223020045127
2023-01-20 05:50:46,T083773YP4,7C0.863.174.H,1,Deformacja (deformation),1010223020040729
2023-01-17 20:11:33,T083422Y00,7H0 809 411 A,1,Deformacja (deformation),1010223017190025
2023-01-17 20:11:20,T083422Y00,7H0 809 411 A,1,Deformacja (deformation),1010223017190009
2023-01-17 20:10:35,T083422Y00,7H0 809 411 A,1,Deformacja (deformation),1010223017185953
2023-01-17 18:26:54,TBIE010Y00,81.62510-2447,1,Deformacja (deformation),1010123017172254
2023-01-17 18:26:54,TBIE011Y00,81.62510-2448,1,Deformacja (deformation),1010123017172254
2023-01-16 12:08:00,T083655YP3,7C0 831 311 C,1,Pęknięcie (cracks),1010123016110147
2023-01-16 12:07:49,T083655YP3,7C0 831 311 C,1,Pęknięcie (cracks),1010123016110138
2023-01-16 12:06:13,T083655YP3,7C0 831 311 C,1,Pęknięcie (cracks),1010123016105119
2023-01-16 11:46:35,T083656YP3,7C0 831 312 C,1,Pikos (marks/contamination),1010123016103619
2023-01-16 11:46:10,T083656YP3,7C0 831 312 C,1,Pofalowanie (waves),1010123016101555
2023-01-16 11:45:50,T083655YP3,7C0 831 311 C,1,Pofalowanie (waves),1010123016102047
2023-01-16 10:46:44,T083773YP4,7C0.863.174.H,1,Błąd materiału (meterial failure),1010123016094317
2023-01-16 10:46:35,T083773YP4,7C0.863.174.H,1,Błąd materiału (meterial failure),1010123016094309
2023-01-16 10:46:27,T083773YP4,7C0.863.174.H,1,Błąd materiału (meterial failure),1010123016094300
2023-01-16 10:46:17,T083773YP4,7C0.863.174.H,1,Błąd materiału (meterial failure),1010123016094252
2023-01-16 10:46:07,T083773YP4,7C0.863.174.H,1,Błąd materiału (meterial failure),1010123016094241
2023-01-16 10:46:03,T083773YP4,7C0.863.174.H,1,Błąd materiału (meterial failure),1010123016094317
2023-01-16 10:45:59,T083773YP4,7C0.863.174.H,1,Błąd materiału (meterial failure),1010123016094233
2023-01-16 10:31:46,T083773YP4,7C0.863.174.H,1,Błąd materiału (meterial failure),1010223016092858
2023-01-16 10:31:37,T083773YP4,7C0.863.174.H,1,Błąd materiału (meterial failure),1010123016092829
2023-01-16 10:31:27,T083773YP4,7C0.863.174.H,1,Błąd materiału (meterial failure),1010123016092820
2023-01-16 10:31:19,T083773YP4,7C0.863.174.H,1,Błąd materiału (meterial failure),1010123016092811
2023-01-16 10:21:28,T083773YP4,7C0.863.174.H,1,Przeciągnięcie (thinning),1010123016085831
2023-01-16 09:44:30,T083773YP4,7C0.863.174.H,1,Błąd materiału (meterial failure),1010123016084221
2023-01-16 09:44:19,T083773YP4,7C0.863.174.H,1,Błąd materiału (meterial failure),1010123016084214
2023-01-16 09:44:04,T083773YP4,7C0.863.174.H,1,Błąd materiału (meterial failure),1010123016084207
2023-01-16 08:53:38,T083773YP4,7C0.863.174.H,1,Błąd materiału (meterial failure),1010123016075118
2023-01-16 08:53:27,T083773YP4,7C0.863.174.H,1,Błąd materiału (meterial failure),1010123016075132
2023-01-16 06:39:56,T083769YP4,7C0.863.173.H,1,Deformacja (deformation),1010123016053507
2023-01-12 09:42:19,TBIE017Y00,223378 Seitenwand außen re (G$),1,Odciśnięte miejsce (marks),1010123012083406
2023-01-12 09:42:11,TBIE017Y00,223378 Seitenwand außen re (G$),1,Odciśnięte miejsce (marks),1010123012083357
2023-01-12 08:44:39,TBIE017Y00,223378 Seitenwand außen re (G$),1,Przeciągnięcie (thinning),1010223012073936
2023-01-12 08:44:34,TBIE017Y00,223378 Seitenwand außen re (G$),1,Przeciągnięcie (thinning),1010223012073927
2023-01-12 08:44:28,TBIE017Y00,223378 Seitenwand außen re (G$),1,Przeciągnięcie (thinning),1010223012073918
2023-01-11 23:05:43,T083755YP0,2N3 803 093,1,Deformacja (deformation),1010223011220301
2023-01-11 21:58:33,T083755YP0,2N3 803 093,1,Deformacja (deformation),1010123011205405
2023-01-11 20:01:56,T083683YP1,7C0 827 124 C,1,Pęknięcie (cracks),1010223011185540
2023-01-11 20:01:40,T083683YP1,7C0 827 124 C,1,Pęknięcie (cracks),1010223011185550
2023-01-11 20:01:30,T083683YP1,7C0 827 124 C,1,Pęknięcie (cracks),1010223011185608
2023-01-11 20:01:20,T083683YP1,7C0 827 124 C,1,Pęknięcie (cracks),1010223011185628
2023-01-11 16:09:09,T083422Y00,7H0 809 411 A,1,Deformacja (deformation),1010123011150504
2023-01-11 16:01:36,T083422Y00,7H0 809 411 A,1,Deformacja (deformation),1010123011135710
2023-01-11 16:01:25,T083422Y00,7H0 809 411 A,1,Deformacja (deformation),1012723011145624
2023-01-11 16:01:11,T083422Y00,7H0 809 411 A,1,Deformacja (deformation),1010123011135702
2023-01-11 15:46:31,T083422Y00,7H0 809 411 A,1,Deformacja (deformation),1010123011135537
2023-01-11 15:46:10,T083422Y00,7H0 809 411 A,1,Deformacja (deformation),1010123011135528
2023-01-11 15:45:45,T083422Y00,7H0 809 411 A,1,Deformacja (deformation),1010123011135519
2023-01-11 15:45:25,T083422Y00,7H0 809 411 A,1,Deformacja (deformation),1012723011144348
2023-01-11 15:07:18,T083422Y00,7H0 809 411 A,1,Deformacja (deformation),1010123011135422
2023-01-11 15:07:11,T083423Y00,7H0 809 412 A,1,Deformacja (deformation),1010123011135438
2023-01-11 15:05:53,T083423Y00,7H0 809 412 A,1,Deformacja (deformation),1010123011135438
2023-01-11 15:05:42,T083422Y00,7H0 809 411 A,1,Deformacja (deformation),1010123011135430
2023-01-11 15:05:38,T083423Y00,7H0 809 412 A,1,Deformacja (deformation),1010123011135422
2023-01-11 15:05:10,T083422Y00,7H0 809 411 A,1,Deformacja (deformation),1010123011135438
2023-01-11 07:41:49,T083423Y00,7H0 809 412 A,1,Przeciągnięcie (thinning),1010223011063822
2023-01-11 07:41:42,T083423Y00,7H0 809 412 A,1,Przeciągnięcie (thinning),1010223011063813
2023-01-11 07:41:32,T083423Y00,7H0 809 412 A,1,Przeciągnięcie (thinning),1010223011063804
2023-01-11 07:41:26,T083423Y00,7H0 809 412 A,1,Przeciągnięcie (thinning),1010223011063756
2023-01-11 07:41:11,T083423Y00,7H0 809 412 A,1,Przeciągnięcie (thinning),1010223011063738
2023-01-11 07:40:52,T083423Y00,7H0 809 412 A,1,Przeciągnięcie (thinning),1010223011063711
2023-01-11 07:40:35,T083423Y00,7H0 809 412 A,1,Przeciągnięcie (thinning),1010223011063711
2023-01-11 07:40:22,T083423Y00,7H0 809 412 A,1,Przeciągnięcie (thinning),1010223011063653
2023-01-11 07:40:12,T083423Y00,7H0 809 412 A,1,Przeciągnięcie (thinning),1010223011063636
2023-01-11 07:40:01,T083423Y00,7H0 809 412 A,1,Przeciągnięcie (thinning),1010223011063627
2023-01-11 07:39:53,T083423Y00,7H0 809 412 A,1,Przeciągnięcie (thinning),1010223011063618
2023-01-11 07:18:39,T083423Y00,7H0 809 412 A,1,Przeciągnięcie (thinning),1010123011061606
2023-01-11 07:18:11,T083423Y00,7H0 809 412 A,1,Przeciągnięcie (thinning),1010123011061558
2023-01-11 07:18:04,T083423Y00,7H0 809 412 A,1,Przeciągnięcie (thinning),1010123011061550
2023-01-11 07:17:58,T083423Y00,7H0 809 412 A,1,Przeciągnięcie (thinning),1010123011061542
2023-01-11 07:17:49,T083423Y00,7H0 809 412 A,1,Przeciągnięcie (thinning),1010123011061527
2023-01-11 07:17:42,T083423Y00,7H0 809 412 A,1,Przeciągnięcie (thinning),1010123011061409
2023-01-11 07:17:35,T083423Y00,7H0 809 412 A,1,Przeciągnięcie (thinning),1010123011061358
2023-01-11 07:17:20,T083423Y00,7H0 809 412 A,1,Pęknięcie (cracks),1010123011061318
2023-01-11 07:17:04,T083423Y00,7H0 809 412 A,1,Pęknięcie (cracks),1010123011060817
2023-01-11 07:16:56,T083423Y00,7H0 809 412 A,1,Pęknięcie (cracks),1010123011060808
2023-01-11 07:16:48,T083423Y00,7H0 809 412 A,1,Pęknięcie (cracks),1010123011060750
2023-01-11 07:13:32,T083423Y00,7H0 809 412 A,1,Pęknięcie (cracks),1010123011060547
2023-01-11 07:13:28,T083423Y00,7H0 809 412 A,1,Pęknięcie (cracks),1010123011060538
2023-01-11 07:13:23,T083423Y00,7H0 809 412 A,1,Pęknięcie (cracks),1010123011060529
2023-01-11 07:13:17,T083423Y00,7H0 809 412 A,1,Pęknięcie (cracks),1010123011060521
2023-01-11 07:13:11,T083423Y00,7H0 809 412 A,1,Pęknięcie (cracks),1010123011060512
2023-01-11 07:13:05,T083423Y00,7H0 809 412 A,1,Pęknięcie (cracks),1010123011060503
2023-01-11 07:12:59,T083423Y00,7H0 809 412 A,1,Pęknięcie (cracks),1010123011060454
2023-01-11 04:11:45,T083423Y00,7H0 809 412 A,1,Deformacja (deformation),1010123011030630
2023-01-10 13:06:45,T083425Y00,7H0 803 720,1,Odciśnięte miejsce (marks),1010223010115917
2023-01-10 13:06:37,T083425Y00,7H0 803 720,1,Odciśnięte miejsce (marks),1010223010115910
2023-01-10 13:06:30,T083425Y00,7H0 803 720,1,Odciśnięte miejsce (marks),1010223010115854
2023-01-10 12:57:29,T083424Y00,7H0 803 719,1,Deformacja (deformation),1010223010115446
2023-01-10 12:57:29,T083425Y00,7H0 803 720,1,Deformacja (deformation),1010223010115446
2023-01-10 12:47:01,T083425Y00,7H0 803 720,1,Deformacja (deformation),1010223010114253
2023-01-10 12:41:44,T083424Y00,7H0 803 719,1,Deformacja (deformation),1010223010113808
2023-01-10 07:47:10,T083655YP3,7C0 831 311 C,1,Odciśnięte miejsce (marks),1010223010064517
2023-01-10 07:46:58,T083655YP3,7C0 831 311 C,1,Odciśnięte miejsce (marks),1010223010064441
2023-01-10 07:46:45,T083655YP3,7C0 831 311 C,1,Odciśnięte miejsce (marks),1010223010064317
2023-01-10 07:46:34,T083655YP3,7C0 831 311 C,1,Odciśnięte miejsce (marks),1010223010064423
2023-01-10 07:46:24,T083655YP3,7C0 831 311 C,1,Odciśnięte miejsce (marks),1010223010063759
2023-01-10 02:56:21,T083656YP3,7C0 831 312 C,1,Odciśnięte miejsce (marks),1010123010015403
2023-01-10 02:36:07,T083655YP3,7C0 831 311 C,1,Deformacja (deformation),1010123010013336
2023-01-10 02:13:09,T083655YP3,7C0 831 311 C,1,Deformacja (deformation),1010223010010335
2023-01-10 02:13:09,T083656YP3,7C0 831 312 C,1,Deformacja (deformation),1010223010010335
2023-01-09 20:32:07,TBIE016Y00,81.62510-2441 Seitenwand außen li (G$),1,Błąd materiału (meterial failure),1010123009193016
2023-01-09 15:24:45,T083769YP4,7C0.863.173.H,1,Błąd materiału (meterial failure),1010123009142312
2023-01-09 13:29:28,T083B01YB0,2K4 809 605,1,Deformacja (deformation),1010223009122602
2023-01-09 13:29:19,T083B01YB0,2K4 809 605,1,Deformacja (deformation),1010223009122540
2023-01-09 13:29:02,T083B01YB0,2K4 809 605,1,Deformacja (deformation),1010223009122530
2023-01-09 13:28:54,T083B01YB0,2K4 809 605,1,Deformacja (deformation),1010223009122410
2023-01-09 13:28:45,T083B01YB0,2K4 809 605,1,Deformacja (deformation),1010223009122347
2023-01-09 10:22:28,T083B01YB0,2K4 809 605,1,Pofalowanie (waves),1010123009081447
2023-01-05 12:08:39,T083422Y00,7H0 809 411 A,1,Deformacja (deformation),1010123005103836
2023-01-05 12:08:39,T083423Y00,7H0 809 412 A,1,Deformacja (deformation),1010123005103836
2023-01-05 12:04:50,T083423Y00,7H0 809 412 A,1,Deformacja (deformation),1010123005103623
2023-01-05 12:04:39,T083423Y00,7H0 809 412 A,1,Deformacja (deformation),1010123005103638
2023-01-05 09:57:04,TBIE013Y00,81.62510-2432,1,Deformacja (deformation),1010223005085544
2023-01-05 06:47:06,TBIE012Y00,81.62510-2431,1,Odciśnięte miejsce (marks),1010123005054349
2023-01-05 06:19:34,TBIE012Y00,81.62510-2431,1,Deformacja (deformation),1010223005051730
2023-01-04 13:27:14,T083753YP0,2N0 803 093,1,Deformacja (deformation),1010123004122240
2023-01-04 13:18:52,T083753YP0,2N0 803 093,1,Deformacja (deformation),1010123004121633
2023-01-04 12:32:07,T083753YP0,2N0 803 093,1,Deformacja (deformation),1010223004113053
2023-01-04 12:31:36,T083753YP0,2N0 803 093,1,Deformacja (deformation),1010223004113011
2023-01-04 12:31:17,T083753YP0,2N0 803 093,1,Deformacja (deformation),1010123004112855
2022-11-25 20:49:10,T083773YP4,7C0.863.174.H,1,Wgniot (dent),1010122329193929
2022-11-25 19:26:41,T083773YP4,7C0.863.174.H,1,Błąd materiału (meterial failure),1010122329182421
2022-11-25 19:08:33,T083773YP4,7C0.863.174.H,1,Odciśnięte miejsce (marks),1010122329180559
2022-11-25 19:08:19,T083773YP4,7C0.863.174.H,1,Odciśnięte miejsce (marks),1010122329180545
2022-11-25 19:08:07,T083773YP4,7C0.863.174.H,1,Odciśnięte miejsce (marks),1010122329180539
2022-11-25 19:08:00,T083773YP4,7C0.863.174.H,1,Odciśnięte miejsce (marks),1010222329180531
2022-11-25 17:59:24,T083769YP4,7C0.863.173.H,1,Pofalowanie (waves),1010122329165352
2022-11-25 17:59:19,T083769YP4,7C0.863.173.H,1,Pofalowanie (waves),1010122329165343
2022-11-25 17:59:14,T083769YP4,7C0.863.173.H,1,Pofalowanie (waves),1010122329165335
2022-11-25 17:59:08,T083769YP4,7C0.863.173.H,1,Pofalowanie (waves),1010122329165328
2022-11-25 17:59:02,T083769YP4,7C0.863.173.H,1,Pofalowanie (waves),1010122329165225
2022-11-25 17:58:55,T083769YP4,7C0.863.173.H,1,Pofalowanie (waves),1010122329165217
2022-11-25 17:55:43,T083769YP4,7C0.863.173.H,1,Pofalowanie (waves),1010122329165201
2022-11-25 17:55:35,T083769YP4,7C0.863.173.H,1,Pofalowanie (waves),1010122329165152
2022-11-25 17:55:28,T083769YP4,7C0.863.173.H,1,Pofalowanie (waves),1010122329165144
2022-11-25 17:48:49,T083769YP4,7C0.863.173.H,1,Błąd materiału (meterial failure),1010222329164620
2022-11-25 16:51:53,T083769YP4,7C0.863.173.H,1,Błąd materiału (meterial failure),1010122329154822
2022-11-23 21:29:43,T083755YP0,2N3 803 093,1,Błąd materiału (meterial failure),1010122327202825
2022-11-23 21:29:20,T083755YP0,2N3 803 093,1,Błąd materiału (meterial failure),1010122327202745
2022-11-23 21:28:53,T083755YP0,2N3 803 093,1,Błąd materiału (meterial failure),1010122327202611
2022-11-16 17:50:43,TBIE008Y00,81.62510-2449,1,Deformacja (deformation),1010122320163927
2022-11-16 17:50:43,TBIE009Y00,81.62510-2450,1,Deformacja (deformation),1010122320163927
2022-11-16 16:46:50,TBIE008Y00,81.62510-2449,1,Deformacja (deformation),1010222320153804
2022-11-16 16:46:50,TBIE009Y00,81.62510-2450,1,Deformacja (deformation),1010222320153804
2022-11-16 16:27:04,TBIE008Y00,81.62510-2449,1,Pikos (marks/contamination),1010222320151419
2022-11-16 16:27:04,TBIE009Y00,81.62510-2450,1,Pikos (marks/contamination),1010222320151419
2022-11-16 14:23:36,TBIE008Y00,81.62510-2449,1,Inne,1010122320131007
2022-11-16 14:23:36,TBIE009Y00,81.62510-2450,1,Inne,1010122320131007
2022-11-15 17:42:24,TBIE017Y00,223378 Seitenwand außen re (G$),1,Pikos (marks/contamination),1010222319163727
2022-11-15 17:42:14,TBIE017Y00,223378 Seitenwand außen re (G$),1,Pikos (marks/contamination),1010222319163727
2022-11-15 17:42:06,TBIE017Y00,223378 Seitenwand außen re (G$),1,Pikos (marks/contamination),1010222319163717
2022-11-15 17:41:58,TBIE017Y00,223378 Seitenwand außen re (G$),1,Pikos (marks/contamination),1010222319163658
2022-11-15 17:41:40,TBIE017Y00,223378 Seitenwand außen re (G$),1,Pikos (marks/contamination),1010222319163649
2022-11-15 17:41:31,TBIE017Y00,223378 Seitenwand außen re (G$),1,Pikos (marks/contamination),1010222319163639
2022-11-15 17:41:22,TBIE017Y00,223378 Seitenwand außen re (G$),1,Pikos (marks/contamination),1010222319163630
2022-11-15 17:41:14,TBIE017Y00,223378 Seitenwand außen re (G$),1,Pikos (marks/contamination),1010222319163620
2022-11-15 17:41:05,TBIE017Y00,223378 Seitenwand außen re (G$),1,Pikos (marks/contamination),1010222319163529
2022-11-15 17:40:55,TBIE017Y00,223378 Seitenwand außen re (G$),1,Pikos (marks/contamination),1010222319163510
2022-11-15 17:40:44,TBIE017Y00,223378 Seitenwand außen re (G$),1,Pikos (marks/contamination),1010222319163510
2022-11-15 17:40:15,TBIE017Y00,223378 Seitenwand außen re (G$),1,Pikos (marks/contamination),1010222319163441
2022-11-15 15:54:59,TBIE017Y00,223378 Seitenwand außen re (G$),1,Inne,1010122319141031
2022-11-14 16:21:43,TBIE013Y00,81.62510-2432,1,Pikos (marks/contamination),1010222318151709
2022-11-14 16:21:30,TBIE013Y00,81.62510-2432,1,Pikos (marks/contamination),1010222318151700
2022-11-14 16:21:18,TBIE013Y00,81.62510-2432,1,Pikos (marks/contamination),1010222318151651
2022-11-14 15:22:56,TBIE013Y00,81.62510-2432,1,Odciśnięte miejsce (marks),1010122318141922
2022-11-14 15:11:43,TBIE013Y00,81.62510-2432,1,Odciśnięte miejsce (marks),1010122318135412
2022-11-14 15:06:25,TBIE013Y00,81.62510-2432,1,Inne,1010122318135259
2022-11-14 15:04:29,TBIE013Y00,81.62510-2432,1,Odciśnięte miejsce (marks),1010122318135217
2022-11-14 14:23:08,TBIE013Y00,81.62510-2432,1,Inne,1010222318125021
2022-11-14 14:22:31,TBIE013Y00,81.62510-2432,1,Inne,1010222318125116
2022-11-14 14:16:15,TBIE013Y00,81.62510-2432,1,Inne,1010222318125014
2022-11-14 12:11:58,TBIE012Y00,81.62510-2431,1,Błąd materiału (meterial failure),1010222318110500
