,time,TraceabilityCode,Defect
0,2023-05-04 11:26:05,1010123124091718,deformation
1,2023-05-04 08:56:33,1010223124065431,deformation
2,2023-04-27 11:18:38,1010223117091150,marks
3,2023-04-27 11:18:31,1010223117091142,marks
4,2023-04-27 11:14:31,1010223117091115,marks
5,2023-04-27 11:14:22,1010223117091049,marks
6,2023-04-27 11:14:15,1010223117091039,marks
7,2023-04-27 10:14:01,1010223117081022,deformation
8,2023-04-27 09:46:03,1010223117061104,deformation
9,2023-04-27 09:45:48,1010223117061246,deformation
10,2023-04-27 09:45:37,1010223117061254,deformation
11,2023-04-27 08:52:04,1010223117061246,deformation
12,2023-04-27 08:51:53,1010223117061104,deformation
13,2023-04-27 08:51:29,1010223117061238,deformation
14,2023-04-25 07:28:22,1010123115052633,scratch
15,2023-04-25 07:28:11,1010123115052624,scratch
16,2023-04-25 07:27:58,1010123115052606,scratch
17,2023-04-25 07:27:47,1010123115052548,scratch
18,2023-04-25 07:27:39,1010123115052530,scratch
19,2023-04-25 07:20:54,1010123115051827,marks
20,2023-04-25 07:20:45,1010123115051818,marks
21,2023-04-25 07:20:35,1010123115051809,marks
22,2023-04-25 07:18:19,1010123115051630,marks/contamination
23,2023-04-25 07:18:14,1010123115051621,marks/contamination
24,2023-04-25 07:18:10,1010123115051612,marks/contamination
25,2023-04-25 07:18:03,1010123115051603,marks/contamination
26,2023-04-25 07:17:57,1010123115051554,marks/contamination
27,2023-04-25 07:17:53,1010123115051545,marks/contamination
28,2023-04-25 07:17:47,1010123115051536,marks/contamination
29,2023-04-25 07:10:12,1010123115050117,marks/contamination
30,2023-04-25 07:03:52,1010123115050108,marks/contamination
31,2023-04-25 07:03:46,1010123115050059,marks/contamination
32,2023-04-25 07:03:40,1010123115050059,marks/contamination
33,2023-04-25 07:03:33,1010123115050050,marks/contamination
34,2023-04-25 07:03:26,1010123115050041,marks/contamination
35,2023-04-25 07:03:18,1010123115050032,marks/contamination
36,2023-04-25 07:03:11,1010123115050023,marks/contamination
37,2023-04-25 07:03:03,1010123115050014,marks/contamination
38,2023-04-25 07:02:56,1010123115050005,marks/contamination
39,2023-04-25 07:01:06,1010123115045853,scratch
40,2023-04-25 06:46:10,1010223115044355,marks
41,2023-04-25 06:46:05,1010223115044347,marks
42,2023-04-25 06:45:59,1010223115044330,marks
43,2023-04-25 06:45:49,1010223115044330,marks
44,2023-04-25 06:38:45,1010223115043643,marks/contamination
45,2023-04-25 06:38:40,1010223115043634,marks/contamination
46,2023-04-25 06:38:03,1010223115043616,marks/contamination
47,2023-04-25 06:37:58,1010223115043607,marks/contamination
48,2023-04-25 06:37:54,1010223115043558,marks/contamination
49,2023-04-25 06:37:49,1010223115043549,marks/contamination
50,2023-04-25 06:37:44,1010223115043540,marks/contamination
51,2023-04-25 06:37:28,1010223115043522,marks/contamination
52,2023-04-25 06:37:22,1010223115043513,marks/contamination
53,2023-04-25 06:37:16,1010223115043504,marks/contamination
54,2023-04-25 06:36:57,1010223115043455,marks/contamination
55,2023-04-25 06:36:51,1010223115043446,marks/contamination
56,2023-04-25 06:36:40,1010223115043437,marks/contamination
57,2023-04-25 06:36:33,1010223115043427,marks/contamination
58,2023-04-25 06:36:26,1010223115043418,marks/contamination
59,2023-04-25 06:36:21,1010223115043410,marks/contamination
60,2023-04-24 08:15:05,1010223114061208,corrosion
61,2023-04-24 08:14:57,1010223114061248,deformation
62,2023-04-21 20:59:08,1010223111185414,scratch
63,2023-04-21 20:59:02,1010223111185406,scratch
64,2023-04-21 20:58:55,1010223111185357,scratch
65,2023-04-21 19:31:59,1010123111172054,marks
66,2023-04-21 19:31:49,1010123111172054,marks
67,2023-04-20 16:13:41,1010223110140649,marks
68,2023-04-20 16:13:34,1010223110140547,marks
69,2023-04-20 16:13:27,1010223110140529,marks
70,2023-04-20 16:13:18,1010223110140502,marks
71,2023-04-20 16:13:10,1010223110140453,marks
72,2023-04-20 16:12:59,1010223110140435,marks
73,2023-04-20 16:12:49,1010223110140426,marks
74,2023-04-20 16:12:43,1010223110140417,marks
75,2023-04-20 16:12:34,1010223110140408,marks
76,2023-04-20 14:50:33,1010223110124801,deformation
77,2023-04-20 07:29:34,1010223110052716,marks
78,2023-04-20 07:29:21,1010223110052622,meterial failure
79,2023-04-19 12:26:42,1010223109102221,marks
80,2023-04-19 12:25:25,1010223109102203,marks
81,2023-04-19 12:25:16,1010223109102145,marks
82,2023-04-19 12:25:09,1010223109102115,marks
83,2023-04-19 12:25:01,1010223109101932,marks
84,2023-04-18 15:14:16,1010123108131149,marks/contamination
85,2023-04-18 15:09:30,1010123108130716,marks/contamination
86,2023-04-18 15:09:19,1010123108130716,marks/contamination
87,2023-04-18 15:08:48,1010123108130614,marks/contamination
88,2023-04-17 21:39:23,1010223107193340,marks
89,2023-04-17 21:39:15,1010223107193330,marks
90,2023-04-17 21:39:08,1010223107193311,marks
91,2023-04-17 21:38:59,1010223107193302,marks
92,2023-04-13 01:54:35,1010123102235157,deformation
93,2023-04-13 01:39:33,1010223102233559,deformation
94,2023-04-07 21:32:19,1010223097193033,deformation
95,2023-04-07 09:37:38,1010123097070526,marks/contamination
96,2023-04-05 13:29:06,1010123095112633,dent
97,2023-04-05 13:27:49,1010223095112548,dent
98,2023-04-05 13:17:04,1010223095111502,dent
99,2023-04-05 13:16:21,1010223095111158,marks
100,2023-04-05 13:14:31,1010223095111149,dent
101,2023-04-04 10:05:08,1010123094080054,marks
102,2023-03-21 22:18:16,1010123080211148,marks
103,2023-03-21 22:18:09,1010123080211141,waves
104,2023-03-21 01:42:23,1010223080003822,deformation
105,2023-03-21 01:42:14,1010223080003804,deformation
106,2023-03-20 18:46:21,1010123079174442,marks
107,2023-03-20 18:46:14,1010123079174433,marks
108,2023-03-20 18:44:44,1010123079174218,marks
109,2023-03-20 18:44:35,1010123079174209,marks
110,2023-03-20 18:44:18,1010123079174151,marks
111,2023-03-20 18:43:59,1010123079174124,marks
112,2023-03-20 18:43:49,1010123079173843,corrosion
113,2023-03-20 18:43:39,1010123079173816,marks
114,2023-03-20 18:43:24,1010123079173758,marks
115,2023-03-16 08:17:20,1010223075071331,dent
116,2023-03-16 03:37:08,1010123075023024,deformation
117,2023-03-15 20:56:29,1010223074195027,marks
118,2023-03-15 20:56:22,1010223074195019,marks
119,2023-03-15 20:56:15,1010223074195010,marks
120,2023-03-15 20:47:42,1010223074194604,marks
121,2023-03-15 20:47:34,1010223074194528,marks
122,2023-03-15 20:47:25,1010223074194502,marks
123,2023-03-15 12:45:02,1010123074113424,deformation
124,2023-03-15 12:44:51,1010123074113413,deformation
125,2023-03-15 12:16:27,1010123074111305,deformation
126,2023-03-15 12:00:37,1010123074105426,deformation
127,2023-03-15 01:10:32,1010123074000753,marks
128,2023-03-14 21:02:50,1010123073175351,marks/contamination
129,2023-03-14 21:02:41,1010123073175359,marks/contamination
130,2023-03-13 08:59:31,1010123072075657,meterial failure
131,2023-03-09 11:26:22,1010123068102249,deformation
132,2023-03-09 11:20:40,1010123068101805,deformation
133,2023-03-09 10:56:47,1010123068095406,marks/contamination
134,2023-03-09 09:00:24,1010123068075457,marks
135,2023-03-09 08:57:26,1010123068075248,marks/contamination
136,2023-03-09 08:57:16,1010123068075308,meterial failure
137,2023-03-09 08:55:03,1010123068075200,marks/contamination
138,2023-03-09 08:51:36,1010223068074852,marks/contamination
139,2023-03-09 08:36:59,1012823068073134,deformation
140,2023-03-09 08:30:41,1012823068072827,deformation
141,2023-03-09 06:22:32,1010123068052012,waves
142,2023-03-09 06:17:52,1010123068051622,waves
143,2023-03-09 06:16:38,1010123068051428,waves
144,2023-03-09 06:16:26,1010123068050948,waves
145,2023-03-09 06:15:54,1010123068050923,waves
146,2023-03-09 06:15:42,1010123068050906,waves
147,2023-03-09 06:14:27,1010123068050622,waves
148,2023-03-09 06:14:02,1010123068050622,waves
149,2023-03-09 06:12:41,1010123068050556,waves
150,2023-03-09 06:11:00,1010123068050604,waves
151,2023-03-09 06:10:51,1010123068050547,waves
152,2023-03-08 18:58:28,1010223067175234,deformation
153,2023-03-08 00:05:42,1010223066225931,thinning
154,2023-03-08 00:05:33,1010223066225924,thinning
155,2023-03-08 00:05:25,1010223066225917,cracks
156,2023-03-08 00:05:17,1010223066225909,cracks
157,2023-03-08 00:05:09,1010223066225902,thinning
158,2023-03-08 00:05:00,1010223066225855,thinning
159,2023-03-08 00:04:48,1010223066225848,cracks
160,2023-03-08 00:04:42,1010223066225841,cracks
161,2023-03-08 00:04:34,1010223066225834,cracks
162,2023-03-08 00:04:25,1010223066225827,cracks
163,2023-03-06 19:42:38,1010123065183944,meterial failure
164,2023-03-04 00:49:56,1010223062234525,thinning
165,2023-03-04 00:48:15,1010223062233507,thinning
166,2023-03-04 00:48:07,1010223062233354,thinning
167,2023-03-04 00:36:42,1010223062232733,thinning
168,2023-03-04 00:36:35,1010223062232714,thinning
169,2023-03-04 00:36:29,1010223062232706,thinning
170,2023-03-04 00:35:43,1010223062232501,dent
171,2023-03-04 00:35:37,1010223062232453,dent
172,2023-03-04 00:35:29,1010223062232445,marks
173,2023-03-04 00:35:16,1010223062230107,marks
174,2023-03-04 00:35:09,1010223062225408,marks
175,2023-03-03 13:00:09,1010123062115755,deformation
176,2023-03-03 13:00:00,1010123062115746,deformation
177,2023-03-03 12:59:52,1010123062115737,deformation
178,2023-03-03 12:59:47,1010123062115728,deformation
179,2023-03-03 12:59:29,1010123062115719,deformation
180,2023-03-03 12:57:57,1010123062115533,meterial failure
181,2023-03-03 12:57:50,1010123062115524,meterial failure
182,2023-02-28 01:49:47,1010123059004600,thinning
183,2023-02-28 01:49:40,1010123059004552,thinning
184,2023-02-28 01:49:34,1010123059004543,thinning
185,2023-02-28 01:49:27,1010123059004535,thinning
186,2023-02-28 01:49:21,1010123059004527,thinning
187,2023-02-28 01:49:12,1010123059004519,thinning
188,2023-02-27 23:14:52,1010123058221220,marks
189,2023-02-17 12:52:55,1010223048113401,marks
190,2023-02-17 11:01:29,1010123048095932,marks/contamination
191,2023-02-17 11:01:21,1010123048095922,marks/contamination
192,2023-02-17 11:01:14,1010123048095913,marks/contamination
193,2023-02-17 11:01:09,1010123048095458,marks/contamination
194,2023-02-17 11:00:08,1010123048095041,marks/contamination
195,2023-02-17 10:59:51,1010123048095008,marks/contamination
196,2023-02-17 07:19:43,1010123048061215,deformation
197,2023-02-17 07:19:29,1010123048061330,deformation
198,2023-02-17 00:08:31,1010223047230652,meterial failure
199,2023-02-16 22:29:32,1010123047212806,meterial failure
200,2023-02-16 14:29:40,1010123047132801,marks
201,2023-02-16 13:00:27,1010223047114448,marks/contamination
202,2023-02-16 10:41:34,1010123047093312,marks/contamination
203,2023-02-16 10:41:27,1010123047093302,marks/contamination
204,2023-02-16 10:29:16,1010123047091712,deformation
205,2023-02-16 10:20:44,1010123047091011,marks/contamination
206,2023-02-16 10:20:37,1010123047091001,marks/contamination
207,2023-02-16 10:20:11,1010123047090842,marks/contamination
208,2023-02-16 10:19:35,1010123047090856,marks/contamination
209,2023-02-16 10:19:18,1010123047090951,marks/contamination
210,2023-02-16 10:19:10,1010123047090940,marks/contamination
211,2023-02-16 10:19:02,1010123047090926,marks/contamination
212,2023-02-16 10:18:53,1010123047090917,marks/contamination
213,2023-02-16 10:18:44,1010123047090907,marks/contamination
214,2023-02-16 10:16:20,1010123047084415,marks/contamination
215,2023-02-16 10:16:14,1010123047084353,marks/contamination
216,2023-02-16 10:16:08,1010123047083729,marks/contamination
217,2023-02-16 10:15:59,1010123047083703,marks/contamination
218,2023-02-16 10:15:53,1010123047083653,marks/contamination
219,2023-02-16 10:13:41,1010123047083653,marks/contamination
220,2023-02-14 08:14:10,1010123045071156,deformation
221,2023-02-14 08:14:04,1010123045071147,deformation
222,2023-02-14 08:13:56,1010123045071139,deformation
223,2023-02-14 08:13:49,1010123045071122,deformation
224,2023-02-14 08:13:42,1010123045071105,deformation
225,2023-02-10 03:36:59,1010123041023452,cracks
226,2023-02-10 03:36:45,1010123040233503,cracks
227,2023-02-10 02:13:37,1010223041010947,waves
228,2023-02-10 02:03:40,1010123041005922,thinning
229,2023-02-10 02:01:43,1010123041005840,thinning
230,2023-02-10 02:01:20,1010123041005814,thinning
231,2023-02-10 02:01:13,1010123041005806,thinning
232,2023-02-10 00:37:45,1010123040232832,waves
233,2023-02-10 00:37:37,1010123040232825,waves
234,2023-02-10 00:37:31,1010123040232818,waves
235,2023-02-10 00:34:18,1010223040232710,waves
236,2023-02-10 00:31:34,1010223040232529,waves
237,2023-02-10 00:31:25,1010223040232520,waves
238,2023-02-09 23:18:11,1010223040221251,marks
239,2023-02-09 23:17:59,1010223040220722,marks
240,2023-02-09 23:17:47,1010223040220713,marks
241,2023-02-09 23:15:45,1010223040220705,marks
242,2023-02-09 23:15:36,1010223040220656,marks
243,2023-02-09 18:51:36,1010223040174912,marks/contamination
244,2023-02-09 18:51:28,1010223040174855,marks/contamination
245,2023-02-09 18:51:21,1010223040174846,marks/contamination
246,2023-02-09 18:51:14,1010223040174837,marks/contamination
247,2023-02-09 18:51:07,1010223040174828,marks/contamination
248,2023-02-09 18:50:59,1010223040174743,marks/contamination
249,2023-02-09 18:50:52,1010223040174752,marks/contamination
250,2023-02-09 18:50:43,1010223040174810,marks/contamination
251,2023-02-09 18:50:20,1010223040174828,marks/contamination
252,2023-02-09 18:50:07,1010223040174818,marks/contamination
253,2023-02-09 18:49:59,1010223040174752,marks/contamination
254,2023-02-09 18:49:12,1010223040174734,marks/contamination
255,2023-02-09 18:49:04,1010223040174725,marks/contamination
256,2023-02-09 18:48:57,1010223040174715,marks/contamination
257,2023-02-09 18:48:23,1010223040174648,marks/contamination
258,2023-02-09 18:48:15,1010223040174630,marks/contamination
259,2023-02-09 18:48:07,1010223040174612,marks/contamination
260,2023-02-09 18:47:59,1010223040174536,marks/contamination
261,2023-02-09 18:47:52,1010223040174509,marks/contamination
262,2023-02-09 12:02:12,1010223040105950,deformation
263,2023-02-09 11:36:40,1010223040103501,deformation
264,2023-02-09 10:35:40,1010123040090250,deformation
265,2023-02-09 10:35:40,1010123040090250,deformation
266,2023-02-09 03:33:49,1010123040021719,marks
267,2023-02-08 20:44:02,1010223039193213,waves
268,2023-02-08 20:43:54,1010223039193206,waves
269,2023-02-08 20:43:47,1010223039193147,waves
270,2023-02-08 20:12:39,1010223039190627,deformation
271,2023-02-08 20:09:21,1010223039190618,marks/contamination
272,2023-02-08 20:09:14,1010223039190609,marks/contamination
273,2023-02-02 13:56:56,1010123033125522,meterial failure
274,2023-02-02 13:23:27,1010223033121614,waves
275,2023-02-02 13:20:44,1010223033121541,waves
276,2023-02-02 13:20:31,1010223033121534,waves
277,2023-02-02 13:20:19,1010223033121429,waves
278,2023-02-02 13:03:38,1010223033115503,waves
279,2023-02-02 13:03:29,1010223033115456,waves
280,2023-02-02 13:03:22,1010223033115449,waves
281,2023-02-02 11:36:32,1010223033103412,marks
282,2023-02-02 10:16:04,1010123033091340,deformation
283,2023-02-02 10:08:58,1010123033090409,deformation
284,2023-02-02 10:08:46,1010123033090402,waves
285,2023-02-02 10:08:39,1010123033090307,waves
286,2023-02-02 10:08:31,1010123033090252,waves
287,2023-02-02 07:57:50,1010223033065615,marks
288,2023-02-02 06:14:11,1010123033051233,marks
289,2023-02-02 06:13:17,1010123033051130,marks
290,2023-02-01 13:20:59,1010123032121703,thinning
291,2023-02-01 12:35:04,1010123032113305,thinning
292,2023-02-01 02:40:02,1010123032013823,marks/contamination
293,2023-02-01 02:39:50,1010123032013814,marks/contamination
294,2023-02-01 02:39:27,1010123032013729,marks/contamination
295,2023-02-01 02:39:18,1010123032013720,marks/contamination
296,2023-02-01 02:39:09,1010123032013720,marks/contamination
297,2023-02-01 02:38:57,1010123032013711,marks/contamination
298,2023-02-01 02:38:48,1010123032013702,marks/contamination
299,2023-02-01 02:38:36,1010123032013652,marks/contamination
300,2023-01-31 19:21:09,1010123031181730,dent
301,2023-01-30 19:26:55,1010123030182428,marks
302,2023-01-30 17:05:41,1010123030155925,marks/contamination
303,2023-01-30 17:05:33,1010123030155915,marks/contamination
304,2023-01-30 17:05:25,1010123030155915,marks/contamination
305,2023-01-30 17:05:19,1010123030155904,marks/contamination
306,2023-01-30 17:05:12,1010123030155853,marks/contamination
307,2023-01-30 17:05:04,1010123030155853,marks/contamination
308,2023-01-30 17:04:55,1010123030155853,marks/contamination
309,2023-01-30 17:04:46,1010123030155843,marks/contamination
310,2023-01-30 17:04:37,1010123030155832,marks/contamination
311,2023-01-30 17:04:25,1010123030155821,marks/contamination
312,2023-01-30 17:04:16,1010123030155810,marks/contamination
313,2023-01-30 17:04:05,1010123030155800,marks/contamination
314,2023-01-30 16:47:33,1010123030154139,marks/contamination
315,2023-01-30 16:46:03,1010123030154056,marks/contamination
316,2023-01-30 16:43:05,1010123030153823,marks/contamination
317,2023-01-30 16:42:56,1010123030153921,marks/contamination
318,2023-01-30 16:39:29,1010123030153630,marks
319,2023-01-30 16:24:59,1010123030152135,deformation
320,2023-01-30 16:03:55,1010223030145911,deformation
321,2023-01-30 16:01:27,1010223030145705,deformation
322,2023-01-30 15:57:59,1010223030145447,marks
323,2023-01-30 15:56:27,1010223030145328,marks
324,2023-01-30 15:27:48,1010223030142111,marks
325,2023-01-30 15:27:26,1010223030142102,marks
326,2023-01-30 15:27:19,1010223030142042,marks
327,2023-01-30 15:26:57,1010123030141938,marks/contamination
328,2023-01-30 15:26:32,1010123030141928,marks/contamination
329,2023-01-30 15:26:21,1010123030141917,marks/contamination
330,2023-01-30 15:21:10,1010123030141720,marks/contamination
331,2023-01-30 15:02:15,1010123030135237,scratch
332,2023-01-30 15:00:56,1010123030135204,marks/contamination
333,2023-01-30 15:00:37,1010123030135152,marks/contamination
334,2023-01-30 15:00:25,1010123030135130,marks/contamination
335,2023-01-30 14:21:02,1010123030080057,deformation
336,2023-01-30 14:16:53,1010123030080047,deformation
337,2023-01-27 11:39:01,1010223027103703,marks/contamination
338,2023-01-27 11:35:08,1010223027103041,marks/contamination
339,2023-01-27 11:34:57,1010223027103032,marks/contamination
340,2023-01-27 11:34:48,1010223027103023,marks/contamination
341,2023-01-27 11:34:37,1010223027103014,marks/contamination
342,2023-01-27 11:34:03,1010223027102946,marks/contamination
343,2023-01-27 11:33:20,1010223027102917,marks/contamination
344,2023-01-27 11:33:12,1010223027101553,marks/contamination
345,2023-01-27 11:32:54,1010223027101544,marks/contamination
346,2023-01-27 10:40:02,1010123027093534,marks/contamination
347,2023-01-27 10:39:37,1010123027093735,marks/contamination
348,2023-01-26 07:44:29,1010223026063849,deformation
349,2023-01-26 07:44:29,1010223026063849,deformation
350,2023-01-25 19:17:23,1010223025181426,deformation
351,2023-01-25 19:17:13,1010223025181417,deformation
352,2023-01-25 19:17:06,1010223025181409,deformation
353,2023-01-25 19:14:29,1010223025181203,deformation
354,2023-01-25 19:11:35,1010223025180852,deformation
355,2023-01-25 19:11:28,1010223025180843,deformation
356,2023-01-25 19:11:11,1010223025180816,deformation
357,2023-01-25 19:11:03,1010223025180816,deformation
358,2023-01-25 05:23:17,1010123025042139,deformation
359,2023-01-24 17:33:03,1010123024162948,scratch
360,2023-01-24 17:32:46,1010123024162939,scratch
361,2023-01-24 17:32:37,1010123024162930,scratch
362,2023-01-24 14:39:00,1010123024133719,dent
363,2023-01-24 08:55:15,1010223024075234,meterial failure
364,2023-01-24 08:17:15,1010123024071253,deformation
365,2023-01-20 21:39:05,1010223020202034,marks/contamination
366,2023-01-20 21:18:30,1010223020201519,marks/contamination
367,2023-01-20 21:18:23,1010223020201510,marks/contamination
368,2023-01-20 21:18:17,1010223020201452,marks/contamination
369,2023-01-20 21:18:10,1010223020201442,marks/contamination
370,2023-01-20 17:06:16,1010223020160325,deformation
371,2023-01-20 17:05:44,1010223020155429,deformation
372,2023-01-20 13:35:09,1010123020122719,marks
373,2023-01-20 13:34:57,1010123020122659,marks
374,2023-01-20 13:34:06,1010123020122601,marks
375,2023-01-20 10:53:01,1010123020094854,deformation
376,2023-01-20 10:52:54,1010123020094847,deformation
377,2023-01-20 10:52:38,1010123020094833,deformation
378,2023-01-20 10:52:26,1010123020094839,deformation
379,2023-01-20 10:52:15,1010123020094810,deformation
380,2023-01-20 10:52:05,1010123020094803,deformation
381,2023-01-20 10:51:57,1010123020094756,deformation
382,2023-01-20 10:47:31,1010223020094514,meterial failure
383,2023-01-20 10:38:01,1010123020093615,deformation
384,2023-01-20 08:10:39,1010223020070815,deformation
385,2023-01-20 06:06:06,1010123020045713,deformation
386,2023-01-20 06:05:24,1010223020045127,deformation
387,2023-01-20 05:50:46,1010223020040729,deformation
388,2023-01-17 20:11:33,1010223017190025,deformation
389,2023-01-17 20:11:20,1010223017190009,deformation
390,2023-01-17 20:10:35,1010223017185953,deformation
391,2023-01-17 18:26:54,1010123017172254,deformation
392,2023-01-17 18:26:54,1010123017172254,deformation
393,2023-01-16 12:08:00,1010123016110147,cracks
394,2023-01-16 12:07:49,1010123016110138,cracks
395,2023-01-16 12:06:13,1010123016105119,cracks
396,2023-01-16 11:46:35,1010123016103619,marks/contamination
397,2023-01-16 11:46:10,1010123016101555,waves
398,2023-01-16 11:45:50,1010123016102047,waves
399,2023-01-16 10:46:44,1010123016094317,meterial failure
400,2023-01-16 10:46:35,1010123016094309,meterial failure
401,2023-01-16 10:46:27,1010123016094300,meterial failure
402,2023-01-16 10:46:17,1010123016094252,meterial failure
403,2023-01-16 10:46:07,1010123016094241,meterial failure
404,2023-01-16 10:46:03,1010123016094317,meterial failure
405,2023-01-16 10:45:59,1010123016094233,meterial failure
406,2023-01-16 10:31:46,1010223016092858,meterial failure
407,2023-01-16 10:31:37,1010123016092829,meterial failure
408,2023-01-16 10:31:27,1010123016092820,meterial failure
409,2023-01-16 10:31:19,1010123016092811,meterial failure
410,2023-01-16 10:21:28,1010123016085831,thinning
411,2023-01-16 09:44:30,1010123016084221,meterial failure
412,2023-01-16 09:44:19,1010123016084214,meterial failure
413,2023-01-16 09:44:04,1010123016084207,meterial failure
414,2023-01-16 08:53:38,1010123016075118,meterial failure
415,2023-01-16 08:53:27,1010123016075132,meterial failure
416,2023-01-16 06:39:56,1010123016053507,deformation
417,2023-01-12 09:42:19,1010123012083406,marks
418,2023-01-12 09:42:11,1010123012083357,marks
419,2023-01-12 08:44:39,1010223012073936,thinning
420,2023-01-12 08:44:34,1010223012073927,thinning
421,2023-01-12 08:44:28,1010223012073918,thinning
422,2023-01-11 23:05:43,1010223011220301,deformation
423,2023-01-11 21:58:33,1010123011205405,deformation
424,2023-01-11 20:01:56,1010223011185540,cracks
425,2023-01-11 20:01:40,1010223011185550,cracks
426,2023-01-11 20:01:30,1010223011185608,cracks
427,2023-01-11 20:01:20,1010223011185628,cracks
428,2023-01-11 16:09:09,1010123011150504,deformation
429,2023-01-11 16:01:36,1010123011135710,deformation
430,2023-01-11 16:01:25,1012723011145624,deformation
431,2023-01-11 16:01:11,1010123011135702,deformation
432,2023-01-11 15:46:31,1010123011135537,deformation
433,2023-01-11 15:46:10,1010123011135528,deformation
434,2023-01-11 15:45:45,1010123011135519,deformation
435,2023-01-11 15:45:25,1012723011144348,deformation
436,2023-01-11 15:07:18,1010123011135422,deformation
437,2023-01-11 15:07:11,1010123011135438,deformation
438,2023-01-11 15:05:53,1010123011135438,deformation
439,2023-01-11 15:05:42,1010123011135430,deformation
440,2023-01-11 15:05:38,1010123011135422,deformation
441,2023-01-11 15:05:10,1010123011135438,deformation
442,2023-01-11 07:41:49,1010223011063822,thinning
443,2023-01-11 07:41:42,1010223011063813,thinning
444,2023-01-11 07:41:32,1010223011063804,thinning
445,2023-01-11 07:41:26,1010223011063756,thinning
446,2023-01-11 07:41:11,1010223011063738,thinning
447,2023-01-11 07:40:52,1010223011063711,thinning
448,2023-01-11 07:40:35,1010223011063711,thinning
449,2023-01-11 07:40:22,1010223011063653,thinning
450,2023-01-11 07:40:12,1010223011063636,thinning
451,2023-01-11 07:40:01,1010223011063627,thinning
452,2023-01-11 07:39:53,1010223011063618,thinning
453,2023-01-11 07:18:39,1010123011061606,thinning
454,2023-01-11 07:18:11,1010123011061558,thinning
455,2023-01-11 07:18:04,1010123011061550,thinning
456,2023-01-11 07:17:58,1010123011061542,thinning
457,2023-01-11 07:17:49,1010123011061527,thinning
458,2023-01-11 07:17:42,1010123011061409,thinning
459,2023-01-11 07:17:35,1010123011061358,thinning
460,2023-01-11 07:17:20,1010123011061318,cracks
461,2023-01-11 07:17:04,1010123011060817,cracks
462,2023-01-11 07:16:56,1010123011060808,cracks
463,2023-01-11 07:16:48,1010123011060750,cracks
464,2023-01-11 07:13:32,1010123011060547,cracks
465,2023-01-11 07:13:28,1010123011060538,cracks
466,2023-01-11 07:13:23,1010123011060529,cracks
467,2023-01-11 07:13:17,1010123011060521,cracks
468,2023-01-11 07:13:11,1010123011060512,cracks
469,2023-01-11 07:13:05,1010123011060503,cracks
470,2023-01-11 07:12:59,1010123011060454,cracks
471,2023-01-11 04:11:45,1010123011030630,deformation
472,2023-01-10 13:06:45,1010223010115917,marks
473,2023-01-10 13:06:37,1010223010115910,marks
474,2023-01-10 13:06:30,1010223010115854,marks
475,2023-01-10 12:57:29,1010223010115446,deformation
476,2023-01-10 12:57:29,1010223010115446,deformation
477,2023-01-10 12:47:01,1010223010114253,deformation
478,2023-01-10 12:41:44,1010223010113808,deformation
479,2023-01-10 07:47:10,1010223010064517,marks
480,2023-01-10 07:46:58,1010223010064441,marks
481,2023-01-10 07:46:45,1010223010064317,marks
482,2023-01-10 07:46:34,1010223010064423,marks
483,2023-01-10 07:46:24,1010223010063759,marks
484,2023-01-10 02:56:21,1010123010015403,marks
485,2023-01-10 02:36:07,1010123010013336,deformation
486,2023-01-10 02:13:09,1010223010010335,deformation
487,2023-01-10 02:13:09,1010223010010335,deformation
488,2023-01-09 20:32:07,1010123009193016,meterial failure
489,2023-01-09 15:24:45,1010123009142312,meterial failure
490,2023-01-09 13:29:28,1010223009122602,deformation
491,2023-01-09 13:29:19,1010223009122540,deformation
492,2023-01-09 13:29:02,1010223009122530,deformation
493,2023-01-09 13:28:54,1010223009122410,deformation
494,2023-01-09 13:28:45,1010223009122347,deformation
495,2023-01-09 10:22:28,1010123009081447,waves
496,2023-01-05 12:08:39,1010123005103836,deformation
497,2023-01-05 12:08:39,1010123005103836,deformation
498,2023-01-05 12:04:50,1010123005103623,deformation
499,2023-01-05 12:04:39,1010123005103638,deformation
500,2023-01-05 09:57:04,1010223005085544,deformation
501,2023-01-05 06:47:06,1010123005054349,marks
502,2023-01-05 06:19:34,1010223005051730,deformation
503,2023-01-04 13:27:14,1010123004122240,deformation
504,2023-01-04 13:18:52,1010123004121633,deformation
505,2023-01-04 12:32:07,1010223004113053,deformation
506,2023-01-04 12:31:36,1010223004113011,deformation
507,2023-01-04 12:31:17,1010123004112855,deformation
508,2022-11-25 20:49:10,1010122329193929,dent
509,2022-11-25 19:26:41,1010122329182421,meterial failure
510,2022-11-25 19:08:33,1010122329180559,marks
511,2022-11-25 19:08:19,1010122329180545,marks
512,2022-11-25 19:08:07,1010122329180539,marks
513,2022-11-25 19:08:00,1010222329180531,marks
514,2022-11-25 17:59:24,1010122329165352,waves
515,2022-11-25 17:59:19,1010122329165343,waves
516,2022-11-25 17:59:14,1010122329165335,waves
517,2022-11-25 17:59:08,1010122329165328,waves
518,2022-11-25 17:59:02,1010122329165225,waves
519,2022-11-25 17:58:55,1010122329165217,waves
520,2022-11-25 17:55:43,1010122329165201,waves
521,2022-11-25 17:55:35,1010122329165152,waves
522,2022-11-25 17:55:28,1010122329165144,waves
523,2022-11-25 17:48:49,1010222329164620,meterial failure
524,2022-11-25 16:51:53,1010122329154822,meterial failure
525,2022-11-23 21:29:43,1010122327202825,meterial failure
526,2022-11-23 21:29:20,1010122327202745,meterial failure
527,2022-11-23 21:28:53,1010122327202611,meterial failure
528,2022-11-16 17:50:43,1010122320163927,deformation
529,2022-11-16 17:50:43,1010122320163927,deformation
530,2022-11-16 16:46:50,1010222320153804,deformation
531,2022-11-16 16:46:50,1010222320153804,deformation
532,2022-11-16 16:27:04,1010222320151419,marks/contamination
533,2022-11-16 16:27:04,1010222320151419,marks/contamination
534,2022-11-16 14:23:36,1010122320131007,Other
535,2022-11-16 14:23:36,1010122320131007,Other
536,2022-11-15 17:42:24,1010222319163727,marks/contamination
537,2022-11-15 17:42:14,1010222319163727,marks/contamination
538,2022-11-15 17:42:06,1010222319163717,marks/contamination
539,2022-11-15 17:41:58,1010222319163658,marks/contamination
540,2022-11-15 17:41:40,1010222319163649,marks/contamination
541,2022-11-15 17:41:31,1010222319163639,marks/contamination
542,2022-11-15 17:41:22,1010222319163630,marks/contamination
543,2022-11-15 17:41:14,1010222319163620,marks/contamination
544,2022-11-15 17:41:05,1010222319163529,marks/contamination
545,2022-11-15 17:40:55,1010222319163510,marks/contamination
546,2022-11-15 17:40:44,1010222319163510,marks/contamination
547,2022-11-15 17:40:15,1010222319163441,marks/contamination
548,2022-11-15 15:54:59,1010122319141031,Other
549,2022-11-14 16:21:43,1010222318151709,marks/contamination
550,2022-11-14 16:21:30,1010222318151700,marks/contamination
551,2022-11-14 16:21:18,1010222318151651,marks/contamination
552,2022-11-14 15:22:56,1010122318141922,marks
553,2022-11-14 15:11:43,1010122318135412,marks
554,2022-11-14 15:06:25,1010122318135259,Other
555,2022-11-14 15:04:29,1010122318135217,marks
556,2022-11-14 14:23:08,1010222318125021,Other
557,2022-11-14 14:22:31,1010222318125116,Other
558,2022-11-14 14:16:15,1010222318125014,Other
559,2022-11-14 12:11:58,1010222318110500,meterial failure
